{
  "fetch_time_utc": "2026-05-21T11:53:02.158419+00:00",
  "previous_regime": "R1",
  "features": {
    "us2y_level": 4.13,
    "us10y_level": 4.67,
    "us30y_level": 5.18,
    "us10y_5d_change_bp": 20.999999999999996,
    "us10y_20d_change_bp": 37.000000000000014,
    "us10y_60d_change_bp": 62.999999999999986,
    "us30y_5d_change_bp": 14.999999999999947,
    "us30y_20d_change_bp": 29.000000000000004,
    "us30y_60d_change_bp": 47.99999999999996,
    "curve_10y2y": 0.54,
    "curve_30y10y": 0.5099999999999998,
    "hy_oas_level": 2.86,
    "ig_oas_level": 0.76,
    "hy_oas_5d_change_bp": 4.0000000000000036,
    "hy_oas_20d_change_bp": 0.9999999999999787,
    "hy_oas_60d_change_bp": -8.000000000000007,
    "ig_oas_5d_change_bp": -1.0000000000000009,
    "ig_oas_20d_change_bp": -4.0000000000000036,
    "ig_oas_60d_change_bp": -4.0000000000000036,
    "dxy_latest": 99.25,
    "dxy_5d_return": 0.3741937265974604,
    "dxy_20d_return": 0.4554624841524024,
    "dxy_60d_return": 1.5864924259710422,
    "spy_latest": 741.25,
    "spy_5d_return": -0.14279715510771007,
    "spy_20d_return": 4.223784409564835,
    "spy_60d_return": 8.136235215971688,
    "qqq_latest": 713.1500244140625,
    "qqq_5d_return": -0.21826999910928846,
    "qqq_20d_return": 8.85958699459497,
    "qqq_60d_return": 17.467426710097712,
    "iwm_latest": 279.8699951171875,
    "iwm_5d_return": -0.9905607873269218,
    "iwm_20d_return": 1.2261226837939398,
    "iwm_60d_return": 6.470152870937684,
    "tlt_latest": 83.91000366210938,
    "tlt_5d_return": -1.049527544362494,
    "tlt_20d_return": -2.90539973270022,
    "tlt_60d_return": -5.6312194083938945,
    "uup_latest": 27.729999542236328,
    "uup_5d_return": 0.7997066940171216,
    "uup_20d_return": 0.9097525624618408,
    "uup_60d_return": 2.2869749831286645,
    "eem_latest": 65.45999908447266,
    "eem_5d_return": -2.603779234992276,
    "eem_20d_return": 3.2817891784539865,
    "eem_60d_return": 4.535292559932991,
    "hyg_latest": 79.86000061035156,
    "hyg_5d_return": -0.0625742078166347,
    "hyg_20d_return": -0.2751923416786539,
    "hyg_60d_return": 0.31368481135689574,
    "lqd_latest": 107.94999694824219,
    "lqd_5d_return": -0.6168346357926513,
    "lqd_20d_return": -1.3174874678523185,
    "lqd_60d_return": -2.226990828387465,
    "iwm_spy_20d_relative": -2.997661725770895,
    "eem_spy_20d_relative": -0.9419952311108482,
    "qqq_spy_20d_relative": 4.635802585030135,
    "sovereign_spread_change_bp": null
  },
  "classification": {
    "scores": {
      "R0": 2,
      "R1": 4,
      "R2": 0,
      "R3": 1
    },
    "evidence": {
      "R0": [
        "equity resilience with stable credit",
        "DXY is stable"
      ],
      "R1": [
        "10Y yield rose meaningfully over 20D",
        "30Y yield rose meaningfully over 20D",
        "IWM underperformed SPY over 20D",
        "credit spread pressure is not yet disorderly"
      ],
      "R2": [],
      "R3": [
        "SPY and QQQ rallied over 20D"
      ]
    },
    "signal_probability": {
      "R0": 0.15141746645216986,
      "R1": 0.7499756209573569,
      "R2": 0.03057065924026564,
      "R3": 0.06803625335020762
    },
    "markov_prior": {
      "R0": 0.25,
      "R1": 0.43,
      "R2": 0.18,
      "R3": 0.14
    },
    "posterior_probability": {
      "R0": 0.1859213531939104,
      "R1": 0.637984153622282,
      "R2": 0.08287092850617267,
      "R3": 0.09322356467763496
    },
    "top_regime": "R1"
  },
  "metadata": {
    "items": {
      "us2y": {
        "group": "fred",
        "source": "FRED:DGS2",
        "latest_date": "2026-05-19",
        "freshness": "Acceptable",
        "error": null
      },
      "us10y": {
        "group": "fred",
        "source": "FRED:DGS10",
        "latest_date": "2026-05-19",
        "freshness": "Acceptable",
        "error": null
      },
      "us30y": {
        "group": "fred",
        "source": "FRED:DGS30",
        "latest_date": "2026-05-19",
        "freshness": "Acceptable",
        "error": null
      },
      "hy_oas": {
        "group": "fred",
        "source": "FRED:BAMLH0A0HYM2",
        "latest_date": "2026-05-19",
        "freshness": "Acceptable",
        "error": null
      },
      "ig_oas": {
        "group": "fred",
        "source": "FRED:BAMLC0A0CM",
        "latest_date": "2026-05-19",
        "freshness": "Acceptable",
        "error": null
      },
      "dxy": {
        "group": "yahoo",
        "source": "Yahoo:DX-Y.NYB",
        "latest_date": "2026-05-21",
        "freshness": "Fresh",
        "error": null
      },
      "spy": {
        "group": "yahoo",
        "source": "Yahoo:SPY",
        "latest_date": "2026-05-20",
        "freshness": "Fresh",
        "error": null
      },
      "qqq": {
        "group": "yahoo",
        "source": "Yahoo:QQQ",
        "latest_date": "2026-05-20",
        "freshness": "Fresh",
        "error": null
      },
      "iwm": {
        "group": "yahoo",
        "source": "Yahoo:IWM",
        "latest_date": "2026-05-20",
        "freshness": "Fresh",
        "error": null
      },
      "tlt": {
        "group": "yahoo",
        "source": "Yahoo:TLT",
        "latest_date": "2026-05-20",
        "freshness": "Fresh",
        "error": null
      },
      "uup": {
        "group": "yahoo",
        "source": "Yahoo:UUP",
        "latest_date": "2026-05-20",
        "freshness": "Fresh",
        "error": null
      },
      "eem": {
        "group": "yahoo",
        "source": "Yahoo:EEM",
        "latest_date": "2026-05-20",
        "freshness": "Fresh",
        "error": null
      },
      "hyg": {
        "group": "yahoo",
        "source": "Yahoo:HYG",
        "latest_date": "2026-05-20",
        "freshness": "Fresh",
        "error": null
      },
      "lqd": {
        "group": "yahoo",
        "source": "Yahoo:LQD",
        "latest_date": "2026-05-20",
        "freshness": "Fresh",
        "error": null
      }
    },
    "missing": [],
    "stale": [],
    "latest_market_date": "2026-05-21",
    "overall_freshness": "Fresh"
  },
  "alerts": {
    "R1 continuation": "ON",
    "R2 upgrade warning": "not confirmed",
    "R3 policy-repair signal": "not confirmed"
  }
}