{
  "fetch_time_utc": "2026-06-17T02:01:24.356396+00:00",
  "previous_regime": "R0",
  "features": {
    "us2y_level": 4.07,
    "us10y_level": 4.47,
    "us30y_level": 4.97,
    "us10y_5d_change_bp": -8.999999999999986,
    "us10y_20d_change_bp": -12.00000000000001,
    "us10y_60d_change_bp": 8.000000000000007,
    "us30y_5d_change_bp": -6.00000000000005,
    "us30y_20d_change_bp": -15.000000000000036,
    "us30y_60d_change_bp": 0.9999999999999787,
    "curve_10y2y": 0.39999999999999947,
    "curve_30y10y": 0.5,
    "hy_oas_level": 2.66,
    "ig_oas_level": 0.73,
    "hy_oas_5d_change_bp": -8.999999999999986,
    "hy_oas_20d_change_bp": -19.99999999999997,
    "hy_oas_60d_change_bp": -52.99999999999998,
    "ig_oas_5d_change_bp": -2.0000000000000018,
    "ig_oas_20d_change_bp": -3.0000000000000027,
    "ig_oas_60d_change_bp": -14.000000000000002,
    "dxy_latest": 99.52100372314453,
    "dxy_5d_return": -0.38935034001241764,
    "dxy_20d_return": 0.5567368855666333,
    "dxy_60d_return": -0.1294508788350357,
    "spy_latest": 750.3300170898438,
    "spy_5d_return": 1.8017813603987465,
    "spy_20d_return": 1.5812620713099523,
    "spy_60d_return": 15.689903729198406,
    "qqq_latest": 729.8599853515625,
    "qqq_5d_return": 3.11232467256648,
    "qqq_20d_return": 3.3971752001575872,
    "qqq_60d_return": 25.550684705412728,
    "iwm_latest": 292.0799865722656,
    "iwm_5d_return": 2.720722795696684,
    "iwm_20d_return": 6.089276864425774,
    "iwm_60d_return": 20.87134317180532,
    "tlt_latest": 86.19000244140625,
    "tlt_5d_return": 1.2570484730948683,
    "tlt_20d_return": 3.5531623228086895,
    "tlt_60d_return": 1.5909820132343322,
    "uup_latest": 27.93000030517578,
    "uup_5d_return": -0.2856120066131451,
    "uup_20d_return": 0.8303232343013223,
    "uup_60d_return": 0.9031791807937672,
    "eem_latest": 68.63999938964844,
    "eem_5d_return": 4.826456569021631,
    "eem_20d_return": 6.19789572688596,
    "eem_60d_return": 24.005706027130703,
    "hyg_latest": 80.02999877929688,
    "hyg_5d_return": 0.514940992930879,
    "hyg_20d_return": 1.1310719350335674,
    "hyg_60d_return": 2.9565898127303036,
    "lqd_latest": 109.12000274658203,
    "lqd_5d_return": 0.6549202661089826,
    "lqd_20d_return": 1.7403426865181482,
    "lqd_60d_return": 2.3781377450789787,
    "iwm_spy_20d_relative": 4.508014793115822,
    "eem_spy_20d_relative": 4.616633655576008,
    "qqq_spy_20d_relative": 1.815913128847635,
    "sovereign_spread_change_bp": null
  },
  "classification": {
    "scores": {
      "R0": 3,
      "R1": 1,
      "R2": 0,
      "R3": 0
    },
    "evidence": {
      "R0": [
        "10Y yield is high but not accelerating",
        "equity resilience with stable credit",
        "DXY is stable"
      ],
      "R1": [
        "credit spread pressure is not yet disorderly"
      ],
      "R2": [],
      "R3": []
    },
    "signal_probability": {
      "R0": 0.7228920411580229,
      "R1": 0.14594938599585397,
      "R2": 0.06557928642306159,
      "R3": 0.06557928642306159
    },
    "markov_prior": {
      "R0": 0.55,
      "R1": 0.25,
      "R2": 0.06,
      "R3": 0.14
    },
    "posterior_probability": {
      "R0": 0.6623798267527149,
      "R1": 0.18236710089730507,
      "R2": 0.06362653617499003,
      "R3": 0.09162653617499003
    },
    "top_regime": "R0"
  },
  "metadata": {
    "items": {
      "us2y": {
        "group": "fred",
        "source": "FRED:DGS2",
        "latest_date": "2026-06-15",
        "freshness": "Acceptable",
        "error": null
      },
      "us10y": {
        "group": "fred",
        "source": "FRED:DGS10",
        "latest_date": "2026-06-15",
        "freshness": "Acceptable",
        "error": null
      },
      "us30y": {
        "group": "fred",
        "source": "FRED:DGS30",
        "latest_date": "2026-06-15",
        "freshness": "Acceptable",
        "error": null
      },
      "hy_oas": {
        "group": "fred",
        "source": "FRED:BAMLH0A0HYM2",
        "latest_date": "2026-06-15",
        "freshness": "Acceptable",
        "error": null
      },
      "ig_oas": {
        "group": "fred",
        "source": "FRED:BAMLC0A0CM",
        "latest_date": "2026-06-15",
        "freshness": "Acceptable",
        "error": null
      },
      "dxy": {
        "group": "yahoo",
        "source": "Yahoo:DX-Y.NYB",
        "latest_date": "2026-06-16",
        "freshness": "Fresh",
        "error": null
      },
      "spy": {
        "group": "yahoo",
        "source": "Yahoo:SPY",
        "latest_date": "2026-06-16",
        "freshness": "Fresh",
        "error": null
      },
      "qqq": {
        "group": "yahoo",
        "source": "Yahoo:QQQ",
        "latest_date": "2026-06-16",
        "freshness": "Fresh",
        "error": null
      },
      "iwm": {
        "group": "yahoo",
        "source": "Yahoo:IWM",
        "latest_date": "2026-06-16",
        "freshness": "Fresh",
        "error": null
      },
      "tlt": {
        "group": "yahoo",
        "source": "Yahoo:TLT",
        "latest_date": "2026-06-16",
        "freshness": "Fresh",
        "error": null
      },
      "uup": {
        "group": "yahoo",
        "source": "Yahoo:UUP",
        "latest_date": "2026-06-16",
        "freshness": "Fresh",
        "error": null
      },
      "eem": {
        "group": "yahoo",
        "source": "Yahoo:EEM",
        "latest_date": "2026-06-16",
        "freshness": "Fresh",
        "error": null
      },
      "hyg": {
        "group": "yahoo",
        "source": "Yahoo:HYG",
        "latest_date": "2026-06-16",
        "freshness": "Fresh",
        "error": null
      },
      "lqd": {
        "group": "yahoo",
        "source": "Yahoo:LQD",
        "latest_date": "2026-06-16",
        "freshness": "Fresh",
        "error": null
      }
    },
    "missing": [],
    "stale": [],
    "latest_market_date": "2026-06-16",
    "overall_freshness": "Fresh"
  },
  "alerts": {
    "R1 continuation": "not confirmed",
    "R2 upgrade warning": "not confirmed",
    "R3 policy-repair signal": "not confirmed"
  }
}