{
  "fetch_time_utc": "2026-05-28T12:48:05.102672+00:00",
  "previous_regime": "R1",
  "features": {
    "us2y_level": 4.01,
    "us10y_level": 4.5,
    "us30y_level": 5.03,
    "us10y_5d_change_bp": -11.000000000000032,
    "us10y_20d_change_bp": 15.000000000000036,
    "us10y_60d_change_bp": 45.000000000000014,
    "us30y_5d_change_bp": -10.999999999999943,
    "us30y_20d_change_bp": 8.999999999999986,
    "us30y_60d_change_bp": 33.00000000000001,
    "curve_10y2y": 0.4900000000000002,
    "curve_30y10y": 0.5300000000000002,
    "hy_oas_level": 2.72,
    "ig_oas_level": 0.74,
    "hy_oas_5d_change_bp": -13.999999999999968,
    "hy_oas_20d_change_bp": -12.99999999999999,
    "hy_oas_60d_change_bp": -35.999999999999986,
    "ig_oas_5d_change_bp": -2.0000000000000018,
    "ig_oas_20d_change_bp": -7.000000000000006,
    "ig_oas_60d_change_bp": -9.999999999999998,
    "dxy_latest": 99.19599914550781,
    "dxy_5d_return": 0.08677079469947557,
    "dxy_20d_return": 0.2790143365056563,
    "dxy_60d_return": 0.1473963546207102,
    "spy_latest": 750.4600219726562,
    "spy_5d_return": 2.2801360104187207,
    "spy_20d_return": 5.4475992915808735,
    "spy_60d_return": 9.634533039703363,
    "qqq_latest": 729.4500122070312,
    "qqq_5d_return": 3.9798699619657985,
    "qqq_20d_return": 10.934533609435704,
    "qqq_60d_return": 20.1088297957871,
    "iwm_latest": 290.3699951171875,
    "iwm_5d_return": 6.362635574061359,
    "iwm_20d_return": 6.009269918955895,
    "iwm_60d_return": 10.26364510354174,
    "tlt_latest": 85.30000305175781,
    "tlt_5d_return": 2.746334016964602,
    "tlt_20d_return": -0.8741701421397519,
    "tlt_60d_return": -4.076477024436109,
    "uup_latest": 27.75,
    "uup_5d_return": -0.1439399575729916,
    "uup_20d_return": 0.799125709652504,
    "uup_60d_return": 1.5367730606162144,
    "eem_latest": 68.38999938964844,
    "eem_5d_return": 6.427010762717411,
    "eem_20d_return": 8.572785469582932,
    "eem_60d_return": 11.203251040078754,
    "hyg_latest": 80.12999725341797,
    "hyg_5d_return": 0.9829852480101264,
    "hyg_20d_return": 0.18642108902042764,
    "hyg_60d_return": 0.8228019982937651,
    "lqd_latest": 108.93000030517578,
    "lqd_5d_return": 1.6896914788881556,
    "lqd_20d_return": 0.015530151891463007,
    "lqd_60d_return": -1.0040367537344497,
    "iwm_spy_20d_relative": 0.5616706273750216,
    "eem_spy_20d_relative": 3.1251861780020587,
    "qqq_spy_20d_relative": 5.48693431785483,
    "sovereign_spread_change_bp": null
  },
  "classification": {
    "scores": {
      "R0": 3,
      "R1": 1,
      "R2": 0,
      "R3": 1
    },
    "evidence": {
      "R0": [
        "10Y yield is high but not accelerating",
        "equity resilience with stable credit",
        "DXY is stable"
      ],
      "R1": [
        "credit spread pressure is not yet disorderly"
      ],
      "R2": [],
      "R3": [
        "SPY and QQQ rallied over 20D"
      ]
    },
    "signal_probability": {
      "R0": 0.6691151869566494,
      "R1": 0.1350920263838904,
      "R2": 0.06070076027556984,
      "R3": 0.1350920263838904
    },
    "markov_prior": {
      "R0": 0.25,
      "R1": 0.43,
      "R2": 0.18,
      "R3": 0.14
    },
    "posterior_probability": {
      "R0": 0.5224248715218222,
      "R1": 0.23830981714952876,
      "R2": 0.1024554941791204,
      "R3": 0.13680981714952878
    },
    "top_regime": "R0"
  },
  "metadata": {
    "items": {
      "us2y": {
        "group": "fred",
        "source": "FRED:DGS2",
        "latest_date": "2026-05-26",
        "freshness": "Acceptable",
        "error": null
      },
      "us10y": {
        "group": "fred",
        "source": "FRED:DGS10",
        "latest_date": "2026-05-26",
        "freshness": "Acceptable",
        "error": null
      },
      "us30y": {
        "group": "fred",
        "source": "FRED:DGS30",
        "latest_date": "2026-05-26",
        "freshness": "Acceptable",
        "error": null
      },
      "hy_oas": {
        "group": "fred",
        "source": "FRED:BAMLH0A0HYM2",
        "latest_date": "2026-05-26",
        "freshness": "Acceptable",
        "error": null
      },
      "ig_oas": {
        "group": "fred",
        "source": "FRED:BAMLC0A0CM",
        "latest_date": "2026-05-26",
        "freshness": "Acceptable",
        "error": null
      },
      "dxy": {
        "group": "yahoo",
        "source": "Yahoo:DX-Y.NYB",
        "latest_date": "2026-05-28",
        "freshness": "Fresh",
        "error": null
      },
      "spy": {
        "group": "yahoo",
        "source": "Yahoo:SPY",
        "latest_date": "2026-05-27",
        "freshness": "Fresh",
        "error": null
      },
      "qqq": {
        "group": "yahoo",
        "source": "Yahoo:QQQ",
        "latest_date": "2026-05-27",
        "freshness": "Fresh",
        "error": null
      },
      "iwm": {
        "group": "yahoo",
        "source": "Yahoo:IWM",
        "latest_date": "2026-05-27",
        "freshness": "Fresh",
        "error": null
      },
      "tlt": {
        "group": "yahoo",
        "source": "Yahoo:TLT",
        "latest_date": "2026-05-27",
        "freshness": "Fresh",
        "error": null
      },
      "uup": {
        "group": "yahoo",
        "source": "Yahoo:UUP",
        "latest_date": "2026-05-27",
        "freshness": "Fresh",
        "error": null
      },
      "eem": {
        "group": "yahoo",
        "source": "Yahoo:EEM",
        "latest_date": "2026-05-27",
        "freshness": "Fresh",
        "error": null
      },
      "hyg": {
        "group": "yahoo",
        "source": "Yahoo:HYG",
        "latest_date": "2026-05-27",
        "freshness": "Fresh",
        "error": null
      },
      "lqd": {
        "group": "yahoo",
        "source": "Yahoo:LQD",
        "latest_date": "2026-05-27",
        "freshness": "Fresh",
        "error": null
      }
    },
    "missing": [],
    "stale": [],
    "latest_market_date": "2026-05-28",
    "overall_freshness": "Fresh"
  },
  "alerts": {
    "R1 continuation": "ON",
    "R2 upgrade warning": "not confirmed",
    "R3 policy-repair signal": "not confirmed"
  }
}