{
  "fetch_time_utc": "2026-07-10T01:08:25.582280+00:00",
  "previous_regime": "R0",
  "features": {
    "us2y_level": 4.21,
    "us10y_level": 4.56,
    "us30y_level": 5.06,
    "us10y_5d_change_bp": 11.999999999999922,
    "us10y_20d_change_bp": 0.0,
    "us10y_60d_change_bp": 25.0,
    "us30y_5d_change_bp": 14.999999999999947,
    "us30y_20d_change_bp": 2.999999999999936,
    "us30y_60d_change_bp": 14.999999999999947,
    "curve_10y2y": 0.34999999999999964,
    "curve_30y10y": 0.5,
    "hy_oas_level": 2.7,
    "ig_oas_level": 0.76,
    "hy_oas_5d_change_bp": -4.0000000000000036,
    "hy_oas_20d_change_bp": -9.999999999999964,
    "hy_oas_60d_change_bp": -15.99999999999997,
    "ig_oas_5d_change_bp": 0.0,
    "ig_oas_20d_change_bp": 1.0000000000000009,
    "ig_oas_60d_change_bp": -5.000000000000004,
    "dxy_latest": 100.81300354003906,
    "dxy_5d_return": -0.5690855637467185,
    "dxy_20d_return": 0.9038132767801521,
    "dxy_60d_return": 2.4834814732603183,
    "spy_latest": 751.7100219726562,
    "spy_5d_return": 0.797845436751321,
    "spy_20d_return": 2.2517606564892656,
    "spy_60d_return": 9.845010473880311,
    "qqq_latest": 723.280029296875,
    "qqq_5d_return": -0.2606221517466478,
    "qqq_20d_return": 2.295026154237667,
    "qqq_60d_return": 17.279978432760835,
    "iwm_latest": 297.239990234375,
    "iwm_5d_return": -0.6949141517261559,
    "iwm_20d_return": 4.535428801474928,
    "iwm_60d_return": 12.40308511960533,
    "tlt_latest": 84.48999786376953,
    "tlt_5d_return": -1.204395252253998,
    "tlt_20d_return": -0.3735405339878928,
    "tlt_60d_return": -1.8845081371212102,
    "uup_latest": 28.360000610351562,
    "uup_5d_return": -0.45629751425406706,
    "uup_20d_return": 1.2495550825052604,
    "uup_60d_return": 3.579260334635892,
    "eem_latest": 66.77999877929688,
    "eem_5d_return": 0.451256629384611,
    "eem_20d_return": 1.9858785542616664,
    "eem_60d_return": 9.918297051434187,
    "hyg_latest": 79.75,
    "hyg_5d_return": 0.20103489065397273,
    "hyg_20d_return": 0.6275920433192805,
    "hyg_60d_return": 0.3482672174737633,
    "lqd_latest": 107.70999908447266,
    "lqd_5d_return": -0.6914991760380462,
    "lqd_20d_return": -0.2965094722717554,
    "lqd_60d_return": -1.0105464297574085,
    "iwm_spy_20d_relative": 2.283668144985662,
    "eem_spy_20d_relative": -0.2658821022275992,
    "qqq_spy_20d_relative": 0.043265497748401494,
    "sovereign_spread_change_bp": null
  },
  "classification": {
    "scores": {
      "R0": 3,
      "R1": 1,
      "R2": 0,
      "R3": 0
    },
    "evidence": {
      "R0": [
        "10Y yield is high but not accelerating",
        "equity resilience with stable credit",
        "DXY is stable"
      ],
      "R1": [
        "credit spread pressure is not yet disorderly"
      ],
      "R2": [],
      "R3": []
    },
    "signal_probability": {
      "R0": 0.7228920411580229,
      "R1": 0.14594938599585397,
      "R2": 0.06557928642306159,
      "R3": 0.06557928642306159
    },
    "markov_prior": {
      "R0": 0.55,
      "R1": 0.25,
      "R2": 0.06,
      "R3": 0.14
    },
    "posterior_probability": {
      "R0": 0.6623798267527149,
      "R1": 0.18236710089730507,
      "R2": 0.06362653617499003,
      "R3": 0.09162653617499003
    },
    "top_regime": "R0"
  },
  "metadata": {
    "items": {
      "us2y": {
        "group": "fred",
        "source": "FRED:DGS2",
        "latest_date": "2026-07-08",
        "freshness": "Acceptable",
        "error": null
      },
      "us10y": {
        "group": "fred",
        "source": "FRED:DGS10",
        "latest_date": "2026-07-08",
        "freshness": "Acceptable",
        "error": null
      },
      "us30y": {
        "group": "fred",
        "source": "FRED:DGS30",
        "latest_date": "2026-07-08",
        "freshness": "Acceptable",
        "error": null
      },
      "hy_oas": {
        "group": "fred",
        "source": "FRED:BAMLH0A0HYM2",
        "latest_date": "2026-07-08",
        "freshness": "Acceptable",
        "error": null
      },
      "ig_oas": {
        "group": "fred",
        "source": "FRED:BAMLC0A0CM",
        "latest_date": "2026-07-08",
        "freshness": "Acceptable",
        "error": null
      },
      "dxy": {
        "group": "yahoo",
        "source": "Yahoo:DX-Y.NYB",
        "latest_date": "2026-07-09",
        "freshness": "Fresh",
        "error": null
      },
      "spy": {
        "group": "yahoo",
        "source": "Yahoo:SPY",
        "latest_date": "2026-07-09",
        "freshness": "Fresh",
        "error": null
      },
      "qqq": {
        "group": "yahoo",
        "source": "Yahoo:QQQ",
        "latest_date": "2026-07-09",
        "freshness": "Fresh",
        "error": null
      },
      "iwm": {
        "group": "yahoo",
        "source": "Yahoo:IWM",
        "latest_date": "2026-07-09",
        "freshness": "Fresh",
        "error": null
      },
      "tlt": {
        "group": "yahoo",
        "source": "Yahoo:TLT",
        "latest_date": "2026-07-09",
        "freshness": "Fresh",
        "error": null
      },
      "uup": {
        "group": "yahoo",
        "source": "Yahoo:UUP",
        "latest_date": "2026-07-09",
        "freshness": "Fresh",
        "error": null
      },
      "eem": {
        "group": "yahoo",
        "source": "Yahoo:EEM",
        "latest_date": "2026-07-09",
        "freshness": "Fresh",
        "error": null
      },
      "hyg": {
        "group": "yahoo",
        "source": "Yahoo:HYG",
        "latest_date": "2026-07-09",
        "freshness": "Fresh",
        "error": null
      },
      "lqd": {
        "group": "yahoo",
        "source": "Yahoo:LQD",
        "latest_date": "2026-07-09",
        "freshness": "Fresh",
        "error": null
      }
    },
    "missing": [],
    "stale": [],
    "latest_market_date": "2026-07-09",
    "overall_freshness": "Fresh"
  },
  "alerts": {
    "R1 continuation": "ON",
    "R2 upgrade warning": "not confirmed",
    "R3 policy-repair signal": "not confirmed"
  }
}