{
  "fetch_time_utc": "2026-07-08T00:59:06.746879+00:00",
  "previous_regime": "R1",
  "features": {
    "us2y_level": 4.13,
    "us10y_level": 4.48,
    "us30y_level": 4.99,
    "us10y_5d_change_bp": 10.000000000000053,
    "us10y_20d_change_bp": 1.0000000000000675,
    "us10y_60d_change_bp": 19.00000000000004,
    "us30y_5d_change_bp": 12.00000000000001,
    "us30y_20d_change_bp": 2.000000000000046,
    "us30y_60d_change_bp": 10.000000000000053,
    "curve_10y2y": 0.35000000000000053,
    "curve_30y10y": 0.5099999999999998,
    "hy_oas_level": 2.72,
    "ig_oas_level": 0.75,
    "hy_oas_5d_change_bp": -7.999999999999963,
    "hy_oas_20d_change_bp": -2.9999999999999805,
    "hy_oas_60d_change_bp": -11.999999999999966,
    "ig_oas_5d_change_bp": -1.0000000000000009,
    "ig_oas_20d_change_bp": 0.0,
    "ig_oas_60d_change_bp": -6.000000000000005,
    "dxy_latest": 101.12100219726562,
    "dxy_5d_return": 0.010880809858226925,
    "dxy_20d_return": 1.0502673185236011,
    "dxy_60d_return": 2.328478556514235,
    "spy_latest": 747.7100219726562,
    "spy_5d_return": 0.9055360286985392,
    "spy_20d_return": 1.6387084077548408,
    "spy_60d_return": 10.255233092911364,
    "qqq_latest": 709.4299926757812,
    "qqq_5d_return": -2.0232604226453454,
    "qqq_20d_return": 0.7303825228862637,
    "qqq_60d_return": 16.39154692606799,
    "iwm_latest": 296.19000244140625,
    "iwm_5d_return": -0.9298587710961148,
    "iwm_20d_return": 5.412529375073505,
    "iwm_60d_return": 13.335770020342053,
    "tlt_latest": 84.55000305175781,
    "tlt_5d_return": -2.9590892103269484,
    "tlt_20d_return": -0.23245494514338993,
    "tlt_60d_return": -1.7581978624828687,
    "uup_latest": 28.399999618530273,
    "uup_5d_return": 0.10574119989235076,
    "uup_20d_return": 1.356171144034768,
    "uup_60d_return": 3.3478897074940672,
    "eem_latest": 65.72000122070312,
    "eem_5d_return": -2.5359618518960625,
    "eem_20d_return": 2.2783693122100157,
    "eem_60d_return": 9.591236316285979,
    "hyg_latest": 79.76000213623047,
    "hyg_5d_return": 0.14965492287770665,
    "hyg_20d_return": 0.8809506118396149,
    "hyg_60d_return": 0.3358572051179287,
    "lqd_latest": 107.87999725341797,
    "lqd_5d_return": -1.3134411483894715,
    "lqd_20d_return": 0.08242262642299547,
    "lqd_60d_return": -0.7365896210129952,
    "iwm_spy_20d_relative": 3.773820967318664,
    "eem_spy_20d_relative": 0.6396609044551749,
    "qqq_spy_20d_relative": -0.9083258848685771,
    "sovereign_spread_change_bp": null
  },
  "classification": {
    "scores": {
      "R0": 2,
      "R1": 2,
      "R2": 0,
      "R3": 0
    },
    "evidence": {
      "R0": [
        "10Y yield is high but not accelerating",
        "equity resilience with stable credit"
      ],
      "R1": [
        "DXY strengthened over 20D",
        "credit spread pressure is not yet disorderly"
      ],
      "R2": [],
      "R3": []
    },
    "signal_probability": {
      "R0": 0.4160091925669623,
      "R1": 0.4160091925669623,
      "R2": 0.08399080743303776,
      "R3": 0.08399080743303776
    },
    "markov_prior": {
      "R0": 0.25,
      "R1": 0.43,
      "R2": 0.18,
      "R3": 0.14
    },
    "posterior_probability": {
      "R0": 0.3579059751685255,
      "R1": 0.42090597516852546,
      "R2": 0.11759402483147455,
      "R3": 0.10359402483147455
    },
    "top_regime": "R1"
  },
  "metadata": {
    "items": {
      "us2y": {
        "group": "fred",
        "source": "FRED:DGS2",
        "latest_date": "2026-07-06",
        "freshness": "Acceptable",
        "error": null
      },
      "us10y": {
        "group": "fred",
        "source": "FRED:DGS10",
        "latest_date": "2026-07-06",
        "freshness": "Acceptable",
        "error": null
      },
      "us30y": {
        "group": "fred",
        "source": "FRED:DGS30",
        "latest_date": "2026-07-06",
        "freshness": "Acceptable",
        "error": null
      },
      "hy_oas": {
        "group": "fred",
        "source": "FRED:BAMLH0A0HYM2",
        "latest_date": "2026-07-06",
        "freshness": "Acceptable",
        "error": null
      },
      "ig_oas": {
        "group": "fred",
        "source": "FRED:BAMLC0A0CM",
        "latest_date": "2026-07-06",
        "freshness": "Acceptable",
        "error": null
      },
      "dxy": {
        "group": "yahoo",
        "source": "Yahoo:DX-Y.NYB",
        "latest_date": "2026-07-07",
        "freshness": "Fresh",
        "error": null
      },
      "spy": {
        "group": "yahoo",
        "source": "Yahoo:SPY",
        "latest_date": "2026-07-07",
        "freshness": "Fresh",
        "error": null
      },
      "qqq": {
        "group": "yahoo",
        "source": "Yahoo:QQQ",
        "latest_date": "2026-07-07",
        "freshness": "Fresh",
        "error": null
      },
      "iwm": {
        "group": "yahoo",
        "source": "Yahoo:IWM",
        "latest_date": "2026-07-07",
        "freshness": "Fresh",
        "error": null
      },
      "tlt": {
        "group": "yahoo",
        "source": "Yahoo:TLT",
        "latest_date": "2026-07-07",
        "freshness": "Fresh",
        "error": null
      },
      "uup": {
        "group": "yahoo",
        "source": "Yahoo:UUP",
        "latest_date": "2026-07-07",
        "freshness": "Fresh",
        "error": null
      },
      "eem": {
        "group": "yahoo",
        "source": "Yahoo:EEM",
        "latest_date": "2026-07-07",
        "freshness": "Fresh",
        "error": null
      },
      "hyg": {
        "group": "yahoo",
        "source": "Yahoo:HYG",
        "latest_date": "2026-07-07",
        "freshness": "Fresh",
        "error": null
      },
      "lqd": {
        "group": "yahoo",
        "source": "Yahoo:LQD",
        "latest_date": "2026-07-07",
        "freshness": "Fresh",
        "error": null
      }
    },
    "missing": [],
    "stale": [],
    "latest_market_date": "2026-07-07",
    "overall_freshness": "Fresh"
  },
  "alerts": {
    "R1 continuation": "not confirmed",
    "R2 upgrade warning": "not confirmed",
    "R3 policy-repair signal": "not confirmed"
  }
}