{
  "fetch_time_utc": "2026-06-13T10:13:50.489563+00:00",
  "previous_regime": "R1",
  "features": {
    "us2y_level": null,
    "us10y_level": null,
    "us30y_level": null,
    "us10y_5d_change_bp": null,
    "us10y_20d_change_bp": null,
    "us10y_60d_change_bp": null,
    "us30y_5d_change_bp": null,
    "us30y_20d_change_bp": null,
    "us30y_60d_change_bp": null,
    "curve_10y2y": null,
    "curve_30y10y": null,
    "hy_oas_level": 2.78,
    "ig_oas_level": 0.75,
    "hy_oas_5d_change_bp": 3.999999999999959,
    "hy_oas_20d_change_bp": -2.0000000000000018,
    "hy_oas_60d_change_bp": -46.00000000000004,
    "ig_oas_5d_change_bp": 1.0000000000000009,
    "ig_oas_20d_change_bp": 0.0,
    "ig_oas_60d_change_bp": -13.0,
    "dxy_latest": 99.75,
    "dxy_5d_return": -0.31977585270320796,
    "dxy_20d_return": 0.8798571710639358,
    "dxy_60d_return": -0.33969062876457734,
    "spy_latest": 741.75,
    "spy_5d_return": 0.5694545829495912,
    "spy_20d_return": -0.8580914841283094,
    "spy_60d_return": 12.449652338583528,
    "qqq_latest": 721.3400268554688,
    "qqq_5d_return": 2.3090275087578105,
    "qqq_20d_return": 0.21534737568493778,
    "qqq_60d_return": 21.406877018065916,
    "iwm_latest": 292.95001220703125,
    "iwm_5d_return": 4.012078308334699,
    "iwm_20d_return": 2.988222758033654,
    "iwm_60d_return": 19.075687797564832,
    "tlt_latest": 85.7699966430664,
    "tlt_5d_return": 0.8347038618047975,
    "tlt_20d_return": 1.3982109718341906,
    "tlt_60d_return": -0.21775023436575447,
    "uup_latest": 27.950000762939453,
    "uup_5d_return": -0.24982046281453174,
    "uup_20d_return": 1.1947860741455818,
    "uup_60d_return": 0.3590677921005092,
    "eem_latest": 67.87999725341797,
    "eem_5d_return": 5.093669456669914,
    "eem_20d_return": 0.7420599886929224,
    "eem_60d_return": 17.929109857380297,
    "hyg_latest": 79.94000244140625,
    "hyg_5d_return": 0.6420774698111531,
    "hyg_20d_return": 0.6251729842449594,
    "hyg_60d_return": 2.2191073387374693,
    "lqd_latest": 109.01000213623047,
    "lqd_5d_return": 0.7765591028051855,
    "lqd_20d_return": 0.8044512063699161,
    "lqd_60d_return": 1.465848472440423,
    "iwm_spy_20d_relative": 3.8463142421619634,
    "eem_spy_20d_relative": 1.6001514728212318,
    "qqq_spy_20d_relative": 1.0734388598132472,
    "sovereign_spread_change_bp": null
  },
  "classification": {
    "scores": {
      "R0": 1,
      "R1": 1,
      "R2": 0,
      "R3": 0
    },
    "evidence": {
      "R0": [
        "DXY is stable"
      ],
      "R1": [
        "credit spread pressure is not yet disorderly"
      ],
      "R2": [],
      "R3": []
    },
    "signal_probability": {
      "R0": 0.34498724056380625,
      "R1": 0.34498724056380625,
      "R2": 0.15501275943619378,
      "R3": 0.15501275943619378
    },
    "markov_prior": {
      "R0": 0.25,
      "R1": 0.43,
      "R2": 0.18,
      "R3": 0.14
    },
    "posterior_probability": {
      "R0": 0.311741706366474,
      "R1": 0.3747417063664741,
      "R2": 0.16375829363352595,
      "R3": 0.14975829363352594
    },
    "top_regime": "R1"
  },
  "metadata": {
    "items": {
      "us2y": {
        "group": "fred",
        "source": "FRED:DGS2",
        "latest_date": null,
        "freshness": "Missing",
        "error": "HTTP Error 504: Gateway Time-out"
      },
      "us10y": {
        "group": "fred",
        "source": "FRED:DGS10",
        "latest_date": null,
        "freshness": "Missing",
        "error": "HTTP Error 504: Gateway Time-out"
      },
      "us30y": {
        "group": "fred",
        "source": "FRED:DGS30",
        "latest_date": null,
        "freshness": "Missing",
        "error": "HTTP Error 504: Gateway Time-out"
      },
      "hy_oas": {
        "group": "fred",
        "source": "FRED:BAMLH0A0HYM2",
        "latest_date": "2026-06-11",
        "freshness": "Fresh",
        "error": null
      },
      "ig_oas": {
        "group": "fred",
        "source": "FRED:BAMLC0A0CM",
        "latest_date": "2026-06-11",
        "freshness": "Fresh",
        "error": null
      },
      "dxy": {
        "group": "yahoo",
        "source": "Yahoo:DX-Y.NYB",
        "latest_date": "2026-06-12",
        "freshness": "Fresh",
        "error": null
      },
      "spy": {
        "group": "yahoo",
        "source": "Yahoo:SPY",
        "latest_date": "2026-06-12",
        "freshness": "Fresh",
        "error": null
      },
      "qqq": {
        "group": "yahoo",
        "source": "Yahoo:QQQ",
        "latest_date": "2026-06-12",
        "freshness": "Fresh",
        "error": null
      },
      "iwm": {
        "group": "yahoo",
        "source": "Yahoo:IWM",
        "latest_date": "2026-06-12",
        "freshness": "Fresh",
        "error": null
      },
      "tlt": {
        "group": "yahoo",
        "source": "Yahoo:TLT",
        "latest_date": "2026-06-12",
        "freshness": "Fresh",
        "error": null
      },
      "uup": {
        "group": "yahoo",
        "source": "Yahoo:UUP",
        "latest_date": "2026-06-12",
        "freshness": "Fresh",
        "error": null
      },
      "eem": {
        "group": "yahoo",
        "source": "Yahoo:EEM",
        "latest_date": "2026-06-12",
        "freshness": "Fresh",
        "error": null
      },
      "hyg": {
        "group": "yahoo",
        "source": "Yahoo:HYG",
        "latest_date": "2026-06-12",
        "freshness": "Fresh",
        "error": null
      },
      "lqd": {
        "group": "yahoo",
        "source": "Yahoo:LQD",
        "latest_date": "2026-06-12",
        "freshness": "Fresh",
        "error": null
      }
    },
    "missing": [
      "us2y",
      "us10y",
      "us30y"
    ],
    "stale": [],
    "latest_market_date": "2026-06-12",
    "overall_freshness": "Fresh"
  },
  "alerts": {
    "R1 continuation": "not confirmed",
    "R2 upgrade warning": "not confirmed",
    "R3 policy-repair signal": "not confirmed"
  }
}