{
  "fetch_time_utc": "2026-05-17T12:03:43.863364+00:00",
  "previous_regime": "R1",
  "features": {
    "us2y_level": 4.0,
    "us10y_level": 4.47,
    "us30y_level": 5.02,
    "us10y_5d_change_bp": 5.999999999999961,
    "us10y_20d_change_bp": 14.999999999999947,
    "us10y_60d_change_bp": 38.99999999999997,
    "us30y_5d_change_bp": 4.999999999999982,
    "us30y_20d_change_bp": 8.999999999999986,
    "us30y_60d_change_bp": 31.99999999999994,
    "curve_10y2y": 0.46999999999999975,
    "curve_30y10y": 0.5499999999999998,
    "hy_oas_level": 2.76,
    "ig_oas_level": 0.76,
    "hy_oas_5d_change_bp": -3.000000000000025,
    "hy_oas_20d_change_bp": -10.000000000000009,
    "hy_oas_60d_change_bp": -10.000000000000009,
    "ig_oas_5d_change_bp": -3.0000000000000027,
    "ig_oas_20d_change_bp": -5.000000000000004,
    "ig_oas_60d_change_bp": -2.0000000000000018,
    "dxy_latest": 99.2699966430664,
    "dxy_5d_return": 1.4615702766762828,
    "dxy_20d_return": 1.1926587024911672,
    "dxy_60d_return": 1.368320569503556,
    "spy_latest": 739.1699829101562,
    "spy_5d_return": 0.21013364648858612,
    "spy_20d_return": 4.087921770763803,
    "spy_60d_return": 8.28493373018684,
    "qqq_latest": 708.9299926757812,
    "qqq_5d_return": -0.32338172688570754,
    "qqq_20d_return": 9.259462025191434,
    "qqq_60d_return": 17.623727303466662,
    "iwm_latest": 277.6000061035156,
    "iwm_5d_return": -2.311998808378679,
    "iwm_20d_return": 0.6599489927749502,
    "iwm_60d_return": 5.099701132880496,
    "tlt_latest": 83.66000366210938,
    "tlt_5d_return": -2.811336103006745,
    "tlt_20d_return": -3.5615822484453608,
    "tlt_60d_return": -5.6184293551342135,
    "uup_latest": 27.770000457763672,
    "uup_5d_return": 1.572788232538036,
    "uup_20d_return": 1.4985374205620072,
    "uup_60d_return": 2.396753681474606,
    "eem_latest": 65.06999969482422,
    "eem_5d_return": -4.224319463422477,
    "eem_20d_return": 2.2470149574017384,
    "eem_60d_return": 6.602225948315343,
    "hyg_latest": 79.45999908447266,
    "hyg_5d_return": -0.8485154858431598,
    "hyg_20d_return": -0.9592468666833942,
    "hyg_60d_return": -0.3490611792817955,
    "lqd_latest": 107.86000061035156,
    "lqd_5d_return": -1.227102907819444,
    "lqd_20d_return": -1.596884716814706,
    "lqd_60d_return": -2.3085027600108665,
    "iwm_spy_20d_relative": -3.4279727779888525,
    "eem_spy_20d_relative": -1.8409068133620643,
    "qqq_spy_20d_relative": 5.171540254427631,
    "sovereign_spread_change_bp": null
  },
  "classification": {
    "scores": {
      "R0": 2,
      "R1": 4,
      "R2": 0,
      "R3": 1
    },
    "evidence": {
      "R0": [
        "10Y yield is high but not accelerating",
        "equity resilience with stable credit"
      ],
      "R1": [
        "DXY strengthened over 20D",
        "IWM underperformed SPY over 20D",
        "TLT sold off over 20D",
        "credit spread pressure is not yet disorderly"
      ],
      "R2": [],
      "R3": [
        "SPY and QQQ rallied over 20D"
      ]
    },
    "signal_probability": {
      "R0": 0.15141746645216986,
      "R1": 0.7499756209573569,
      "R2": 0.03057065924026564,
      "R3": 0.06803625335020762
    },
    "markov_prior": {
      "R0": 0.25,
      "R1": 0.43,
      "R2": 0.18,
      "R3": 0.14
    },
    "posterior_probability": {
      "R0": 0.1859213531939104,
      "R1": 0.637984153622282,
      "R2": 0.08287092850617267,
      "R3": 0.09322356467763496
    },
    "top_regime": "R1"
  },
  "metadata": {
    "items": {
      "us2y": {
        "group": "fred",
        "source": "FRED:DGS2",
        "latest_date": "2026-05-14",
        "freshness": "Fresh",
        "error": null
      },
      "us10y": {
        "group": "fred",
        "source": "FRED:DGS10",
        "latest_date": "2026-05-14",
        "freshness": "Fresh",
        "error": null
      },
      "us30y": {
        "group": "fred",
        "source": "FRED:DGS30",
        "latest_date": "2026-05-14",
        "freshness": "Fresh",
        "error": null
      },
      "hy_oas": {
        "group": "fred",
        "source": "FRED:BAMLH0A0HYM2",
        "latest_date": "2026-05-14",
        "freshness": "Fresh",
        "error": null
      },
      "ig_oas": {
        "group": "fred",
        "source": "FRED:BAMLC0A0CM",
        "latest_date": "2026-05-14",
        "freshness": "Fresh",
        "error": null
      },
      "dxy": {
        "group": "yahoo",
        "source": "Yahoo:DX-Y.NYB",
        "latest_date": "2026-05-15",
        "freshness": "Fresh",
        "error": null
      },
      "spy": {
        "group": "yahoo",
        "source": "Yahoo:SPY",
        "latest_date": "2026-05-15",
        "freshness": "Fresh",
        "error": null
      },
      "qqq": {
        "group": "yahoo",
        "source": "Yahoo:QQQ",
        "latest_date": "2026-05-15",
        "freshness": "Fresh",
        "error": null
      },
      "iwm": {
        "group": "yahoo",
        "source": "Yahoo:IWM",
        "latest_date": "2026-05-15",
        "freshness": "Fresh",
        "error": null
      },
      "tlt": {
        "group": "yahoo",
        "source": "Yahoo:TLT",
        "latest_date": "2026-05-15",
        "freshness": "Fresh",
        "error": null
      },
      "uup": {
        "group": "yahoo",
        "source": "Yahoo:UUP",
        "latest_date": "2026-05-15",
        "freshness": "Fresh",
        "error": null
      },
      "eem": {
        "group": "yahoo",
        "source": "Yahoo:EEM",
        "latest_date": "2026-05-15",
        "freshness": "Fresh",
        "error": null
      },
      "hyg": {
        "group": "yahoo",
        "source": "Yahoo:HYG",
        "latest_date": "2026-05-15",
        "freshness": "Fresh",
        "error": null
      },
      "lqd": {
        "group": "yahoo",
        "source": "Yahoo:LQD",
        "latest_date": "2026-05-15",
        "freshness": "Fresh",
        "error": null
      }
    },
    "missing": [],
    "stale": [],
    "latest_market_date": "2026-05-15",
    "overall_freshness": "Fresh"
  },
  "alerts": {
    "R1 continuation": "ON",
    "R2 upgrade warning": "not confirmed",
    "R3 policy-repair signal": "not confirmed"
  }
}