{
  "fetch_time_utc": "2026-06-16T18:13:34.926101+00:00",
  "previous_regime": "R1",
  "features": {
    "us2y_level": 4.09,
    "us10y_level": 4.48,
    "us30y_level": 4.97,
    "us10y_5d_change_bp": -6.99999999999994,
    "us10y_20d_change_bp": 1.0000000000000675,
    "us10y_60d_change_bp": 23.000000000000043,
    "us30y_5d_change_bp": -4.0000000000000036,
    "us30y_20d_change_bp": -4.999999999999982,
    "us30y_60d_change_bp": 13.999999999999968,
    "curve_10y2y": 0.39000000000000057,
    "curve_30y10y": 0.4899999999999993,
    "hy_oas_level": 2.66,
    "ig_oas_level": 0.73,
    "hy_oas_5d_change_bp": -8.999999999999986,
    "hy_oas_20d_change_bp": -19.99999999999997,
    "hy_oas_60d_change_bp": -52.99999999999998,
    "ig_oas_5d_change_bp": -2.0000000000000018,
    "ig_oas_20d_change_bp": -3.0000000000000027,
    "ig_oas_60d_change_bp": -14.000000000000002,
    "dxy_latest": 99.51499938964844,
    "dxy_5d_return": -0.39536008205627304,
    "dxy_20d_return": 0.5506700638812534,
    "dxy_60d_return": -0.13547630121752974,
    "spy_latest": 752.1799926757812,
    "spy_5d_return": 2.0527786626953093,
    "spy_20d_return": 1.8317156724460215,
    "spy_60d_return": 15.975142880723459,
    "qqq_latest": 734.3400268554688,
    "qqq_5d_return": 3.745250854805171,
    "qqq_20d_return": 4.031849857736236,
    "qqq_60d_return": 26.32134248856708,
    "iwm_latest": 293.70001220703125,
    "iwm_5d_return": 3.2904646876475985,
    "iwm_20d_return": 6.677702487526793,
    "iwm_60d_return": 21.541757727574385,
    "tlt_latest": 86.31500244140625,
    "tlt_5d_return": 1.4038999721157852,
    "tlt_20d_return": 3.703343839500839,
    "tlt_60d_return": 1.7383269597825546,
    "uup_latest": 27.920000076293945,
    "uup_5d_return": -0.3213143586307088,
    "uup_20d_return": 0.7942213259749531,
    "uup_60d_return": 0.8670511866767816,
    "eem_latest": 68.95500183105469,
    "eem_5d_return": 5.3075257711898916,
    "eem_20d_return": 6.685258732766464,
    "eem_60d_return": 24.57479257279205,
    "hyg_latest": 80.05449676513672,
    "hyg_5d_return": 0.545709625177504,
    "hyg_20d_return": 1.162029171145318,
    "hyg_60d_return": 2.98810585818603,
    "lqd_latest": 109.24500274658203,
    "lqd_5d_return": 0.7702232785409491,
    "lqd_20d_return": 1.8568890805404248,
    "lqd_60d_return": 2.495422087734145,
    "iwm_spy_20d_relative": 4.845986815080772,
    "eem_spy_20d_relative": 4.853543060320442,
    "qqq_spy_20d_relative": 2.2001341852902145,
    "sovereign_spread_change_bp": null
  },
  "classification": {
    "scores": {
      "R0": 3,
      "R1": 1,
      "R2": 0,
      "R3": 0
    },
    "evidence": {
      "R0": [
        "10Y yield is high but not accelerating",
        "equity resilience with stable credit",
        "DXY is stable"
      ],
      "R1": [
        "credit spread pressure is not yet disorderly"
      ],
      "R2": [],
      "R3": []
    },
    "signal_probability": {
      "R0": 0.7228920411580229,
      "R1": 0.14594938599585397,
      "R2": 0.06557928642306159,
      "R3": 0.06557928642306159
    },
    "markov_prior": {
      "R0": 0.25,
      "R1": 0.43,
      "R2": 0.18,
      "R3": 0.14
    },
    "posterior_probability": {
      "R0": 0.5573798267527149,
      "R1": 0.24536710089730507,
      "R2": 0.10562653617499004,
      "R3": 0.09162653617499003
    },
    "top_regime": "R0"
  },
  "metadata": {
    "items": {
      "us2y": {
        "group": "fred",
        "source": "FRED:DGS2",
        "latest_date": "2026-06-12",
        "freshness": "Acceptable",
        "error": null
      },
      "us10y": {
        "group": "fred",
        "source": "FRED:DGS10",
        "latest_date": "2026-06-12",
        "freshness": "Acceptable",
        "error": null
      },
      "us30y": {
        "group": "fred",
        "source": "FRED:DGS30",
        "latest_date": "2026-06-12",
        "freshness": "Acceptable",
        "error": null
      },
      "hy_oas": {
        "group": "fred",
        "source": "FRED:BAMLH0A0HYM2",
        "latest_date": "2026-06-15",
        "freshness": "Fresh",
        "error": null
      },
      "ig_oas": {
        "group": "fred",
        "source": "FRED:BAMLC0A0CM",
        "latest_date": "2026-06-15",
        "freshness": "Fresh",
        "error": null
      },
      "dxy": {
        "group": "yahoo",
        "source": "Yahoo:DX-Y.NYB",
        "latest_date": "2026-06-16",
        "freshness": "Fresh",
        "error": null
      },
      "spy": {
        "group": "yahoo",
        "source": "Yahoo:SPY",
        "latest_date": "2026-06-16",
        "freshness": "Fresh",
        "error": null
      },
      "qqq": {
        "group": "yahoo",
        "source": "Yahoo:QQQ",
        "latest_date": "2026-06-16",
        "freshness": "Fresh",
        "error": null
      },
      "iwm": {
        "group": "yahoo",
        "source": "Yahoo:IWM",
        "latest_date": "2026-06-16",
        "freshness": "Fresh",
        "error": null
      },
      "tlt": {
        "group": "yahoo",
        "source": "Yahoo:TLT",
        "latest_date": "2026-06-16",
        "freshness": "Fresh",
        "error": null
      },
      "uup": {
        "group": "yahoo",
        "source": "Yahoo:UUP",
        "latest_date": "2026-06-16",
        "freshness": "Fresh",
        "error": null
      },
      "eem": {
        "group": "yahoo",
        "source": "Yahoo:EEM",
        "latest_date": "2026-06-16",
        "freshness": "Fresh",
        "error": null
      },
      "hyg": {
        "group": "yahoo",
        "source": "Yahoo:HYG",
        "latest_date": "2026-06-16",
        "freshness": "Fresh",
        "error": null
      },
      "lqd": {
        "group": "yahoo",
        "source": "Yahoo:LQD",
        "latest_date": "2026-06-16",
        "freshness": "Fresh",
        "error": null
      }
    },
    "missing": [],
    "stale": [],
    "latest_market_date": "2026-06-16",
    "overall_freshness": "Fresh"
  },
  "alerts": {
    "R1 continuation": "not confirmed",
    "R2 upgrade warning": "not confirmed",
    "R3 policy-repair signal": "not confirmed"
  }
}