{
  "fetch_time_utc": "2026-06-03T16:10:12.955637+00:00",
  "previous_regime": "R0",
  "features": {
    "us2y_level": null,
    "us10y_level": null,
    "us30y_level": null,
    "us10y_5d_change_bp": null,
    "us10y_20d_change_bp": null,
    "us10y_60d_change_bp": null,
    "us30y_5d_change_bp": null,
    "us30y_20d_change_bp": null,
    "us30y_60d_change_bp": null,
    "curve_10y2y": null,
    "curve_30y10y": null,
    "hy_oas_level": 2.71,
    "ig_oas_level": 0.74,
    "hy_oas_5d_change_bp": 0.0,
    "hy_oas_20d_change_bp": -4.0000000000000036,
    "hy_oas_60d_change_bp": -37.999999999999986,
    "ig_oas_5d_change_bp": 0.0,
    "ig_oas_20d_change_bp": -4.0000000000000036,
    "ig_oas_60d_change_bp": -14.000000000000002,
    "dxy_latest": 99.46299743652344,
    "dxy_5d_return": 0.255012956743772,
    "dxy_20d_return": 0.9981661718948764,
    "dxy_60d_return": 0.28533689299947707,
    "spy_latest": 755.1500244140625,
    "spy_5d_return": 0.6249503376712928,
    "spy_20d_return": 4.335632042777315,
    "spy_60d_return": 11.63877136136129,
    "qqq_latest": 743.52001953125,
    "qqq_5d_return": 1.9288514755998687,
    "qqq_20d_return": 9.082911857248588,
    "qqq_60d_return": 22.492026143790845,
    "iwm_latest": 288.1050109863281,
    "iwm_5d_return": -0.780033808226388,
    "iwm_20d_return": 1.9624198314145636,
    "iwm_60d_return": 13.799191235438668,
    "tlt_latest": 85.15499877929688,
    "tlt_5d_return": 0.22267043249497576,
    "tlt_20d_return": 0.07016562350665723,
    "tlt_60d_return": -3.4534813776557427,
    "uup_latest": 27.864999771118164,
    "uup_5d_return": 0.41441358961500363,
    "uup_20d_return": 1.327271894975146,
    "uup_60d_return": 1.4748750915819064,
    "eem_latest": 69.82499694824219,
    "eem_5d_return": 2.0982564284259153,
    "eem_20d_return": 6.766047888565119,
    "eem_60d_return": 19.461071063860636,
    "hyg_latest": 79.67500305175781,
    "hyg_5d_return": -0.05884598515634165,
    "hyg_20d_return": 0.20376272101720883,
    "hyg_60d_return": 0.9017342693612207,
    "lqd_latest": 108.50499725341797,
    "lqd_5d_return": -0.012563490622796714,
    "lqd_20d_return": 0.2451154534315103,
    "lqd_60d_return": -0.9271573279974188,
    "iwm_spy_20d_relative": -2.373212211362752,
    "eem_spy_20d_relative": 2.4304158457878033,
    "qqq_spy_20d_relative": 4.7472798144712725,
    "sovereign_spread_change_bp": null
  },
  "classification": {
    "scores": {
      "R0": 2,
      "R1": 2,
      "R2": 0,
      "R3": 1
    },
    "evidence": {
      "R0": [
        "equity resilience with stable credit",
        "DXY is stable"
      ],
      "R1": [
        "IWM underperformed SPY over 20D",
        "credit spread pressure is not yet disorderly"
      ],
      "R2": [],
      "R3": [
        "SPY and QQQ rallied over 20D"
      ]
    },
    "signal_probability": {
      "R0": 0.3771840632745555,
      "R1": 0.3771840632745555,
      "R2": 0.07615214901820852,
      "R3": 0.16947972443268056
    },
    "markov_prior": {
      "R0": 0.55,
      "R1": 0.25,
      "R2": 0.06,
      "R3": 0.14
    },
    "posterior_probability": {
      "R0": 0.4376696411284611,
      "R1": 0.3326696411284611,
      "R2": 0.07049889686183554,
      "R3": 0.15916182088124237
    },
    "top_regime": "R0"
  },
  "metadata": {
    "items": {
      "us2y": {
        "group": "fred",
        "source": "FRED:DGS2",
        "latest_date": null,
        "freshness": "Missing",
        "error": "HTTP Error 504: Gateway Time-out"
      },
      "us10y": {
        "group": "fred",
        "source": "FRED:DGS10",
        "latest_date": null,
        "freshness": "Missing",
        "error": "HTTP Error 504: Gateway Time-out"
      },
      "us30y": {
        "group": "fred",
        "source": "FRED:DGS30",
        "latest_date": null,
        "freshness": "Missing",
        "error": "HTTP Error 504: Gateway Time-out"
      },
      "hy_oas": {
        "group": "fred",
        "source": "FRED:BAMLH0A0HYM2",
        "latest_date": "2026-06-02",
        "freshness": "Fresh",
        "error": null
      },
      "ig_oas": {
        "group": "fred",
        "source": "FRED:BAMLC0A0CM",
        "latest_date": "2026-06-02",
        "freshness": "Fresh",
        "error": null
      },
      "dxy": {
        "group": "yahoo",
        "source": "Yahoo:DX-Y.NYB",
        "latest_date": "2026-06-03",
        "freshness": "Fresh",
        "error": null
      },
      "spy": {
        "group": "yahoo",
        "source": "Yahoo:SPY",
        "latest_date": "2026-06-03",
        "freshness": "Fresh",
        "error": null
      },
      "qqq": {
        "group": "yahoo",
        "source": "Yahoo:QQQ",
        "latest_date": "2026-06-03",
        "freshness": "Fresh",
        "error": null
      },
      "iwm": {
        "group": "yahoo",
        "source": "Yahoo:IWM",
        "latest_date": "2026-06-03",
        "freshness": "Fresh",
        "error": null
      },
      "tlt": {
        "group": "yahoo",
        "source": "Yahoo:TLT",
        "latest_date": "2026-06-03",
        "freshness": "Fresh",
        "error": null
      },
      "uup": {
        "group": "yahoo",
        "source": "Yahoo:UUP",
        "latest_date": "2026-06-03",
        "freshness": "Fresh",
        "error": null
      },
      "eem": {
        "group": "yahoo",
        "source": "Yahoo:EEM",
        "latest_date": "2026-06-03",
        "freshness": "Fresh",
        "error": null
      },
      "hyg": {
        "group": "yahoo",
        "source": "Yahoo:HYG",
        "latest_date": "2026-06-03",
        "freshness": "Fresh",
        "error": null
      },
      "lqd": {
        "group": "yahoo",
        "source": "Yahoo:LQD",
        "latest_date": "2026-06-03",
        "freshness": "Fresh",
        "error": null
      }
    },
    "missing": [
      "us2y",
      "us10y",
      "us30y"
    ],
    "stale": [],
    "latest_market_date": "2026-06-03",
    "overall_freshness": "Fresh"
  },
  "alerts": {
    "R1 continuation": "ON",
    "R2 upgrade warning": "not confirmed",
    "R3 policy-repair signal": "not confirmed"
  }
}