{
  "fetch_time_utc": "2026-06-11T13:06:47.552029+00:00",
  "previous_regime": "R1",
  "features": {
    "us2y_level": null,
    "us10y_level": null,
    "us30y_level": null,
    "us10y_5d_change_bp": null,
    "us10y_20d_change_bp": null,
    "us10y_60d_change_bp": null,
    "us30y_5d_change_bp": null,
    "us30y_20d_change_bp": null,
    "us30y_60d_change_bp": null,
    "curve_10y2y": null,
    "curve_30y10y": null,
    "hy_oas_level": 2.78,
    "ig_oas_level": 0.75,
    "hy_oas_5d_change_bp": 6.999999999999984,
    "hy_oas_20d_change_bp": -4.0000000000000036,
    "hy_oas_60d_change_bp": -42.000000000000036,
    "ig_oas_5d_change_bp": 1.0000000000000009,
    "ig_oas_20d_change_bp": -1.0000000000000009,
    "ig_oas_60d_change_bp": -16.000000000000004,
    "dxy_latest": 100.05500030517578,
    "dxy_5d_return": 0.6488246849469137,
    "dxy_20d_return": 1.599306351091112,
    "dxy_60d_return": 0.47700187325459,
    "spy_latest": 725.4299926757812,
    "spy_5d_return": -3.81973880086115,
    "spy_20d_return": -1.7272210201448757,
    "spy_60d_return": 8.726231835348997,
    "qqq_latest": 693.6900024414062,
    "qqq_5d_return": -6.788408922166623,
    "qqq_20d_return": -1.9158967224800705,
    "qqq_60d_return": 15.687516935155688,
    "iwm_latest": 282.04998779296875,
    "iwm_5d_return": -1.9536362402880147,
    "iwm_20d_return": -0.18403210453024066,
    "iwm_60d_return": 13.511051841859011,
    "tlt_latest": 84.87999725341797,
    "tlt_5d_return": -0.5040444467020899,
    "tlt_20d_return": 0.2633973326277461,
    "tlt_60d_return": -1.5362199450427716,
    "uup_latest": 28.049999237060547,
    "uup_5d_return": 0.6819763910500098,
    "uup_20d_return": 2.1857867302180756,
    "uup_60d_return": 1.1539837724729107,
    "eem_latest": 64.66000366210938,
    "eem_5d_return": -7.522875635846549,
    "eem_20d_return": -1.7623762353284556,
    "eem_60d_return": 10.757112845316508,
    "hyg_latest": 79.47000122070312,
    "hyg_5d_return": -0.26355306685286184,
    "hyg_20d_return": 0.008497027528542311,
    "hyg_60d_return": 1.5541661145983543,
    "lqd_latest": 108.16000366210938,
    "lqd_5d_return": -0.42349389876730203,
    "lqd_20d_return": 0.009227226809183087,
    "lqd_60d_return": 0.69320231028136,
    "iwm_spy_20d_relative": 1.543188915614635,
    "eem_spy_20d_relative": -0.03515521518357989,
    "qqq_spy_20d_relative": -0.18867570233519482,
    "sovereign_spread_change_bp": null
  },
  "classification": {
    "scores": {
      "R0": 0,
      "R1": 2,
      "R2": 0,
      "R3": 0
    },
    "evidence": {
      "R0": [],
      "R1": [
        "DXY strengthened over 20D",
        "credit spread pressure is not yet disorderly"
      ],
      "R2": [],
      "R3": []
    },
    "signal_probability": {
      "R0": 0.12573820231545918,
      "R1": 0.6227853930536223,
      "R2": 0.12573820231545918,
      "R3": 0.12573820231545918
    },
    "markov_prior": {
      "R0": 0.25,
      "R1": 0.43,
      "R2": 0.18,
      "R3": 0.14
    },
    "posterior_probability": {
      "R0": 0.16922983150504844,
      "R1": 0.5553105054848545,
      "R2": 0.14472983150504848,
      "R3": 0.13072983150504847
    },
    "top_regime": "R1"
  },
  "metadata": {
    "items": {
      "us2y": {
        "group": "fred",
        "source": "FRED:DGS2",
        "latest_date": null,
        "freshness": "Missing",
        "error": "HTTP Error 504: Gateway Time-out"
      },
      "us10y": {
        "group": "fred",
        "source": "FRED:DGS10",
        "latest_date": null,
        "freshness": "Missing",
        "error": "HTTP Error 504: Gateway Time-out"
      },
      "us30y": {
        "group": "fred",
        "source": "FRED:DGS30",
        "latest_date": null,
        "freshness": "Missing",
        "error": "HTTP Error 504: Gateway Time-out"
      },
      "hy_oas": {
        "group": "fred",
        "source": "FRED:BAMLH0A0HYM2",
        "latest_date": "2026-06-09",
        "freshness": "Acceptable",
        "error": null
      },
      "ig_oas": {
        "group": "fred",
        "source": "FRED:BAMLC0A0CM",
        "latest_date": "2026-06-09",
        "freshness": "Acceptable",
        "error": null
      },
      "dxy": {
        "group": "yahoo",
        "source": "Yahoo:DX-Y.NYB",
        "latest_date": "2026-06-11",
        "freshness": "Fresh",
        "error": null
      },
      "spy": {
        "group": "yahoo",
        "source": "Yahoo:SPY",
        "latest_date": "2026-06-10",
        "freshness": "Fresh",
        "error": null
      },
      "qqq": {
        "group": "yahoo",
        "source": "Yahoo:QQQ",
        "latest_date": "2026-06-10",
        "freshness": "Fresh",
        "error": null
      },
      "iwm": {
        "group": "yahoo",
        "source": "Yahoo:IWM",
        "latest_date": "2026-06-10",
        "freshness": "Fresh",
        "error": null
      },
      "tlt": {
        "group": "yahoo",
        "source": "Yahoo:TLT",
        "latest_date": "2026-06-10",
        "freshness": "Fresh",
        "error": null
      },
      "uup": {
        "group": "yahoo",
        "source": "Yahoo:UUP",
        "latest_date": "2026-06-10",
        "freshness": "Fresh",
        "error": null
      },
      "eem": {
        "group": "yahoo",
        "source": "Yahoo:EEM",
        "latest_date": "2026-06-10",
        "freshness": "Fresh",
        "error": null
      },
      "hyg": {
        "group": "yahoo",
        "source": "Yahoo:HYG",
        "latest_date": "2026-06-10",
        "freshness": "Fresh",
        "error": null
      },
      "lqd": {
        "group": "yahoo",
        "source": "Yahoo:LQD",
        "latest_date": "2026-06-10",
        "freshness": "Fresh",
        "error": null
      }
    },
    "missing": [
      "us2y",
      "us10y",
      "us30y"
    ],
    "stale": [],
    "latest_market_date": "2026-06-11",
    "overall_freshness": "Fresh"
  },
  "alerts": {
    "R1 continuation": "not confirmed",
    "R2 upgrade warning": "not confirmed",
    "R3 policy-repair signal": "not confirmed"
  }
}