{
  "fetch_time_utc": "2026-06-18T02:01:20.833835+00:00",
  "previous_regime": "R0",
  "features": {
    "us2y_level": 4.05,
    "us10y_level": 4.43,
    "us30y_level": 4.93,
    "us10y_5d_change_bp": -10.000000000000053,
    "us10y_20d_change_bp": -18.00000000000006,
    "us10y_60d_change_bp": 8.999999999999986,
    "us30y_5d_change_bp": -8.000000000000007,
    "us30y_20d_change_bp": -20.999999999999996,
    "us30y_60d_change_bp": 1.9999999999999574,
    "curve_10y2y": 0.3799999999999999,
    "curve_30y10y": 0.5,
    "hy_oas_level": 2.71,
    "ig_oas_level": 0.75,
    "hy_oas_5d_change_bp": -6.999999999999984,
    "hy_oas_20d_change_bp": -8.999999999999986,
    "hy_oas_60d_change_bp": -46.0,
    "ig_oas_5d_change_bp": 0.0,
    "ig_oas_20d_change_bp": 0.0,
    "ig_oas_60d_change_bp": -12.0,
    "dxy_latest": 100.27300262451172,
    "dxy_5d_return": 0.32316726976668875,
    "dxy_20d_return": 0.9798585527200476,
    "dxy_60d_return": 1.337044686278821,
    "spy_latest": 740.9600219726562,
    "spy_5d_return": 2.140803310267314,
    "spy_20d_return": 0.9853817748168403,
    "spy_60d_return": 13.058075689255455,
    "qqq_latest": 722.510009765625,
    "qqq_5d_return": 4.154594591645866,
    "qqq_20d_return": 2.990603337362141,
    "qqq_60d_return": 22.87585200095663,
    "iwm_latest": 289.8800048828125,
    "iwm_5d_return": 3.0205241984333053,
    "iwm_20d_return": 6.435663589461793,
    "iwm_60d_return": 17.425489737587906,
    "tlt_latest": 86.33000183105469,
    "tlt_5d_return": 1.708299510552025,
    "tlt_20d_return": 4.396010541228845,
    "tlt_60d_return": 1.0963992784958965,
    "uup_latest": 28.18000030517578,
    "uup_5d_return": 0.4634619310202037,
    "uup_20d_return": 1.403380269161958,
    "uup_60d_return": 2.24964024400498,
    "eem_latest": 68.55999755859375,
    "eem_5d_return": 6.582668468842012,
    "eem_20d_return": 7.246112352057366,
    "eem_60d_return": 20.25188635085684,
    "hyg_latest": 79.7300033569336,
    "hyg_5d_return": 0.32717016765659857,
    "hyg_20d_return": 0.9932258661818683,
    "hyg_60d_return": 1.899226899972839,
    "lqd_latest": 108.7699966430664,
    "lqd_5d_return": 0.5639727813459006,
    "lqd_20d_return": 1.925245769248618,
    "lqd_60d_return": 1.3823474676388559,
    "iwm_spy_20d_relative": 5.450281814644953,
    "eem_spy_20d_relative": 6.260730577240525,
    "qqq_spy_20d_relative": 2.0052215625453007,
    "sovereign_spread_change_bp": null
  },
  "classification": {
    "scores": {
      "R0": 3,
      "R1": 1,
      "R2": 0,
      "R3": 1
    },
    "evidence": {
      "R0": [
        "10Y yield is high but not accelerating",
        "equity resilience with stable credit",
        "DXY is stable"
      ],
      "R1": [
        "credit spread pressure is not yet disorderly"
      ],
      "R2": [],
      "R3": [
        "TLT rallied over 20D"
      ]
    },
    "signal_probability": {
      "R0": 0.6691151869566494,
      "R1": 0.1350920263838904,
      "R2": 0.06070076027556984,
      "R3": 0.1350920263838904
    },
    "markov_prior": {
      "R0": 0.55,
      "R1": 0.25,
      "R2": 0.06,
      "R3": 0.14
    },
    "posterior_probability": {
      "R0": 0.6274248715218221,
      "R1": 0.17530981714952876,
      "R2": 0.06045549417912039,
      "R3": 0.13680981714952878
    },
    "top_regime": "R0"
  },
  "metadata": {
    "items": {
      "us2y": {
        "group": "fred",
        "source": "FRED:DGS2",
        "latest_date": "2026-06-16",
        "freshness": "Acceptable",
        "error": null
      },
      "us10y": {
        "group": "fred",
        "source": "FRED:DGS10",
        "latest_date": "2026-06-16",
        "freshness": "Acceptable",
        "error": null
      },
      "us30y": {
        "group": "fred",
        "source": "FRED:DGS30",
        "latest_date": "2026-06-16",
        "freshness": "Acceptable",
        "error": null
      },
      "hy_oas": {
        "group": "fred",
        "source": "FRED:BAMLH0A0HYM2",
        "latest_date": "2026-06-16",
        "freshness": "Acceptable",
        "error": null
      },
      "ig_oas": {
        "group": "fred",
        "source": "FRED:BAMLC0A0CM",
        "latest_date": "2026-06-16",
        "freshness": "Acceptable",
        "error": null
      },
      "dxy": {
        "group": "yahoo",
        "source": "Yahoo:DX-Y.NYB",
        "latest_date": "2026-06-17",
        "freshness": "Fresh",
        "error": null
      },
      "spy": {
        "group": "yahoo",
        "source": "Yahoo:SPY",
        "latest_date": "2026-06-17",
        "freshness": "Fresh",
        "error": null
      },
      "qqq": {
        "group": "yahoo",
        "source": "Yahoo:QQQ",
        "latest_date": "2026-06-17",
        "freshness": "Fresh",
        "error": null
      },
      "iwm": {
        "group": "yahoo",
        "source": "Yahoo:IWM",
        "latest_date": "2026-06-17",
        "freshness": "Fresh",
        "error": null
      },
      "tlt": {
        "group": "yahoo",
        "source": "Yahoo:TLT",
        "latest_date": "2026-06-17",
        "freshness": "Fresh",
        "error": null
      },
      "uup": {
        "group": "yahoo",
        "source": "Yahoo:UUP",
        "latest_date": "2026-06-17",
        "freshness": "Fresh",
        "error": null
      },
      "eem": {
        "group": "yahoo",
        "source": "Yahoo:EEM",
        "latest_date": "2026-06-17",
        "freshness": "Fresh",
        "error": null
      },
      "hyg": {
        "group": "yahoo",
        "source": "Yahoo:HYG",
        "latest_date": "2026-06-17",
        "freshness": "Fresh",
        "error": null
      },
      "lqd": {
        "group": "yahoo",
        "source": "Yahoo:LQD",
        "latest_date": "2026-06-17",
        "freshness": "Fresh",
        "error": null
      }
    },
    "missing": [],
    "stale": [],
    "latest_market_date": "2026-06-17",
    "overall_freshness": "Fresh"
  },
  "alerts": {
    "R1 continuation": "not confirmed",
    "R2 upgrade warning": "not confirmed",
    "R3 policy-repair signal": "not confirmed"
  }
}