{
  "fetch_time_utc": "2026-07-23T01:00:36.758504+00:00",
  "previous_regime": "R0",
  "features": {
    "us2y_level": 4.26,
    "us10y_level": 4.63,
    "us30y_level": 5.13,
    "us10y_5d_change_bp": 4.999999999999982,
    "us10y_20d_change_bp": 12.00000000000001,
    "us10y_60d_change_bp": 29.000000000000004,
    "us30y_5d_change_bp": 4.999999999999982,
    "us30y_20d_change_bp": 17.99999999999997,
    "us30y_60d_change_bp": 20.999999999999996,
    "curve_10y2y": 0.3700000000000001,
    "curve_30y10y": 0.5,
    "hy_oas_level": 2.69,
    "ig_oas_level": 0.78,
    "hy_oas_5d_change_bp": -3.000000000000025,
    "hy_oas_20d_change_bp": -2.0000000000000018,
    "hy_oas_60d_change_bp": -12.99999999999999,
    "ig_oas_5d_change_bp": -1.0000000000000009,
    "ig_oas_20d_change_bp": 4.0000000000000036,
    "ig_oas_60d_change_bp": -3.0000000000000027,
    "dxy_latest": 101.10700225830078,
    "dxy_5d_return": 0.6039823465679328,
    "dxy_20d_return": -0.298788475363998,
    "dxy_60d_return": 2.636280647399536,
    "spy_latest": 747.4099731445312,
    "spy_5d_return": -0.9803824059031574,
    "spy_20d_return": 1.8852689185225868,
    "spy_60d_return": 4.95776341340326,
    "qqq_latest": 705.3499755859375,
    "qqq_5d_return": -1.7262539104713426,
    "qqq_20d_return": -1.1630419034791895,
    "qqq_60d_return": 6.3633644329949,
    "iwm_latest": 293.7900085449219,
    "iwm_5d_return": -0.669432512525292,
    "iwm_20d_return": -0.5180816542568856,
    "iwm_60d_return": 6.448103443700415,
    "tlt_latest": 83.44000244140625,
    "tlt_5d_return": -0.949662206374946,
    "tlt_20d_return": -2.8443440254188768,
    "tlt_60d_return": -2.677838237654895,
    "uup_latest": 28.450000762939453,
    "uup_5d_return": 0.7079673024405375,
    "uup_20d_return": 0.0,
    "uup_60d_return": 3.529844384503167,
    "eem_latest": 64.98999786376953,
    "eem_5d_return": -0.8845536583104052,
    "eem_20d_return": -3.245497044220047,
    "eem_60d_return": 2.4910576876453705,
    "hyg_latest": 79.5199966430664,
    "hyg_5d_return": -0.3633641453433589,
    "hyg_20d_return": 0.023310009888288796,
    "hyg_60d_return": 0.29611031408267596,
    "lqd_latest": 106.66999816894531,
    "lqd_5d_return": -0.845885523908485,
    "lqd_20d_return": -1.712513469191268,
    "lqd_60d_return": -1.5767625858157386,
    "iwm_spy_20d_relative": -2.4033505727794724,
    "eem_spy_20d_relative": -5.130765962742634,
    "qqq_spy_20d_relative": -3.0483108220017763,
    "sovereign_spread_change_bp": null
  },
  "classification": {
    "scores": {
      "R0": 3,
      "R1": 3,
      "R2": 0,
      "R3": 0
    },
    "evidence": {
      "R0": [
        "10Y yield is high but not accelerating",
        "equity resilience with stable credit",
        "DXY is stable"
      ],
      "R1": [
        "IWM underperformed SPY over 20D",
        "EEM underperformed SPY over 20D",
        "credit spread pressure is not yet disorderly"
      ],
      "R2": [],
      "R3": []
    },
    "signal_probability": {
      "R0": 0.45841365175303883,
      "R1": 0.45841365175303883,
      "R2": 0.04158634824696119,
      "R3": 0.04158634824696119
    },
    "markov_prior": {
      "R0": 0.55,
      "R1": 0.25,
      "R2": 0.06,
      "R3": 0.14
    },
    "posterior_probability": {
      "R0": 0.4904688736394753,
      "R1": 0.38546887363947524,
      "R2": 0.04803112636052477,
      "R3": 0.07603112636052478
    },
    "top_regime": "R0"
  },
  "metadata": {
    "items": {
      "us2y": {
        "group": "fred",
        "source": "FRED:DGS2",
        "latest_date": "2026-07-21",
        "freshness": "Acceptable",
        "error": null
      },
      "us10y": {
        "group": "fred",
        "source": "FRED:DGS10",
        "latest_date": "2026-07-21",
        "freshness": "Acceptable",
        "error": null
      },
      "us30y": {
        "group": "fred",
        "source": "FRED:DGS30",
        "latest_date": "2026-07-21",
        "freshness": "Acceptable",
        "error": null
      },
      "hy_oas": {
        "group": "fred",
        "source": "FRED:BAMLH0A0HYM2",
        "latest_date": "2026-07-21",
        "freshness": "Acceptable",
        "error": null
      },
      "ig_oas": {
        "group": "fred",
        "source": "FRED:BAMLC0A0CM",
        "latest_date": "2026-07-21",
        "freshness": "Acceptable",
        "error": null
      },
      "dxy": {
        "group": "yahoo",
        "source": "Yahoo:DX-Y.NYB",
        "latest_date": "2026-07-22",
        "freshness": "Fresh",
        "error": null
      },
      "spy": {
        "group": "yahoo",
        "source": "Yahoo:SPY",
        "latest_date": "2026-07-22",
        "freshness": "Fresh",
        "error": null
      },
      "qqq": {
        "group": "yahoo",
        "source": "Yahoo:QQQ",
        "latest_date": "2026-07-22",
        "freshness": "Fresh",
        "error": null
      },
      "iwm": {
        "group": "yahoo",
        "source": "Yahoo:IWM",
        "latest_date": "2026-07-22",
        "freshness": "Fresh",
        "error": null
      },
      "tlt": {
        "group": "yahoo",
        "source": "Yahoo:TLT",
        "latest_date": "2026-07-22",
        "freshness": "Fresh",
        "error": null
      },
      "uup": {
        "group": "yahoo",
        "source": "Yahoo:UUP",
        "latest_date": "2026-07-22",
        "freshness": "Fresh",
        "error": null
      },
      "eem": {
        "group": "yahoo",
        "source": "Yahoo:EEM",
        "latest_date": "2026-07-22",
        "freshness": "Fresh",
        "error": null
      },
      "hyg": {
        "group": "yahoo",
        "source": "Yahoo:HYG",
        "latest_date": "2026-07-22",
        "freshness": "Fresh",
        "error": null
      },
      "lqd": {
        "group": "yahoo",
        "source": "Yahoo:LQD",
        "latest_date": "2026-07-22",
        "freshness": "Fresh",
        "error": null
      }
    },
    "missing": [],
    "stale": [],
    "latest_market_date": "2026-07-22",
    "overall_freshness": "Fresh"
  },
  "alerts": {
    "R1 continuation": "ON",
    "R2 upgrade warning": "ON",
    "R3 policy-repair signal": "not confirmed"
  }
}