{
  "fetch_time_utc": "2026-06-06T09:14:37.562231+00:00",
  "previous_regime": "R0",
  "features": {
    "us2y_level": null,
    "us10y_level": null,
    "us30y_level": null,
    "us10y_5d_change_bp": null,
    "us10y_20d_change_bp": null,
    "us10y_60d_change_bp": null,
    "us30y_5d_change_bp": null,
    "us30y_20d_change_bp": null,
    "us30y_60d_change_bp": null,
    "curve_10y2y": null,
    "curve_30y10y": null,
    "hy_oas_level": 2.74,
    "ig_oas_level": 0.74,
    "hy_oas_5d_change_bp": 2.0000000000000018,
    "hy_oas_20d_change_bp": -6.999999999999984,
    "hy_oas_60d_change_bp": -53.99999999999996,
    "ig_oas_5d_change_bp": 1.0000000000000009,
    "ig_oas_20d_change_bp": -5.000000000000004,
    "ig_oas_60d_change_bp": -19.000000000000007,
    "dxy_latest": 100.06999969482422,
    "dxy_5d_return": 1.1727792839615558,
    "dxy_20d_return": 1.8524169921875,
    "dxy_60d_return": 0.8465144708996286,
    "spy_latest": 737.5499877929688,
    "spy_5d_return": -2.5023785380349883,
    "spy_20d_return": 0.8160379676406482,
    "spy_60d_return": 9.349612440209132,
    "qqq_latest": 705.0599975585938,
    "qqq_5d_return": -4.50352834310106,
    "qqq_20d_return": 1.4562401188066287,
    "qqq_60d_return": 16.169262323314236,
    "iwm_latest": 281.6499938964844,
    "iwm_5d_return": -3.0231033297922316,
    "iwm_20d_return": -0.21611841849192848,
    "iwm_60d_return": 11.588289568072852,
    "tlt_latest": 85.05999755859375,
    "tlt_5d_return": -0.42611681393482925,
    "tlt_20d_return": -0.29822935875725154,
    "tlt_60d_return": -1.2481598596976062,
    "uup_latest": 28.020000457763672,
    "uup_5d_return": 1.301520651979482,
    "uup_20d_return": 2.225467397837866,
    "uup_60d_return": 1.705993588816046,
    "eem_latest": 64.58999633789062,
    "eem_5d_return": -5.845484293623149,
    "eem_20d_return": -3.0034541372424894,
    "eem_60d_return": 9.790913356381026,
    "hyg_latest": 79.43000030517578,
    "hyg_5d_return": -0.5894803139260718,
    "hyg_20d_return": -0.029316017838121322,
    "hyg_60d_return": 0.9819186862227935,
    "lqd_latest": 108.16999816894531,
    "lqd_5d_return": -0.7131981718081826,
    "lqd_20d_return": -0.1470954459711904,
    "lqd_60d_return": 0.2689173356243302,
    "iwm_spy_20d_relative": -1.0321563861325767,
    "eem_spy_20d_relative": -3.8194921048831376,
    "qqq_spy_20d_relative": 0.6402021511659806,
    "sovereign_spread_change_bp": null
  },
  "classification": {
    "scores": {
      "R0": 1,
      "R1": 3,
      "R2": 0,
      "R3": 0
    },
    "evidence": {
      "R0": [
        "equity resilience with stable credit"
      ],
      "R1": [
        "DXY strengthened over 20D",
        "EEM underperformed SPY over 20D",
        "credit spread pressure is not yet disorderly"
      ],
      "R2": [],
      "R3": []
    },
    "signal_probability": {
      "R0": 0.14594938599585397,
      "R1": 0.7228920411580229,
      "R2": 0.06557928642306159,
      "R3": 0.06557928642306159
    },
    "markov_prior": {
      "R0": 0.55,
      "R1": 0.25,
      "R2": 0.06,
      "R3": 0.14
    },
    "posterior_probability": {
      "R0": 0.2873671008973051,
      "R1": 0.5573798267527149,
      "R2": 0.06362653617499003,
      "R3": 0.09162653617499003
    },
    "top_regime": "R1"
  },
  "metadata": {
    "items": {
      "us2y": {
        "group": "fred",
        "source": "FRED:DGS2",
        "latest_date": null,
        "freshness": "Missing",
        "error": "HTTP Error 504: Gateway Time-out"
      },
      "us10y": {
        "group": "fred",
        "source": "FRED:DGS10",
        "latest_date": null,
        "freshness": "Missing",
        "error": "HTTP Error 504: Gateway Time-out"
      },
      "us30y": {
        "group": "fred",
        "source": "FRED:DGS30",
        "latest_date": null,
        "freshness": "Missing",
        "error": "HTTP Error 504: Gateway Time-out"
      },
      "hy_oas": {
        "group": "fred",
        "source": "FRED:BAMLH0A0HYM2",
        "latest_date": "2026-06-04",
        "freshness": "Fresh",
        "error": null
      },
      "ig_oas": {
        "group": "fred",
        "source": "FRED:BAMLC0A0CM",
        "latest_date": "2026-06-04",
        "freshness": "Fresh",
        "error": null
      },
      "dxy": {
        "group": "yahoo",
        "source": "Yahoo:DX-Y.NYB",
        "latest_date": "2026-06-05",
        "freshness": "Fresh",
        "error": null
      },
      "spy": {
        "group": "yahoo",
        "source": "Yahoo:SPY",
        "latest_date": "2026-06-05",
        "freshness": "Fresh",
        "error": null
      },
      "qqq": {
        "group": "yahoo",
        "source": "Yahoo:QQQ",
        "latest_date": "2026-06-05",
        "freshness": "Fresh",
        "error": null
      },
      "iwm": {
        "group": "yahoo",
        "source": "Yahoo:IWM",
        "latest_date": "2026-06-05",
        "freshness": "Fresh",
        "error": null
      },
      "tlt": {
        "group": "yahoo",
        "source": "Yahoo:TLT",
        "latest_date": "2026-06-05",
        "freshness": "Fresh",
        "error": null
      },
      "uup": {
        "group": "yahoo",
        "source": "Yahoo:UUP",
        "latest_date": "2026-06-05",
        "freshness": "Fresh",
        "error": null
      },
      "eem": {
        "group": "yahoo",
        "source": "Yahoo:EEM",
        "latest_date": "2026-06-05",
        "freshness": "Fresh",
        "error": null
      },
      "hyg": {
        "group": "yahoo",
        "source": "Yahoo:HYG",
        "latest_date": "2026-06-05",
        "freshness": "Fresh",
        "error": null
      },
      "lqd": {
        "group": "yahoo",
        "source": "Yahoo:LQD",
        "latest_date": "2026-06-05",
        "freshness": "Fresh",
        "error": null
      }
    },
    "missing": [
      "us2y",
      "us10y",
      "us30y"
    ],
    "stale": [],
    "latest_market_date": "2026-06-05",
    "overall_freshness": "Fresh"
  },
  "alerts": {
    "R1 continuation": "ON",
    "R2 upgrade warning": "not confirmed",
    "R3 policy-repair signal": "not confirmed"
  }
}