{
  "fetch_time_utc": "2026-06-30T01:30:16.142436+00:00",
  "previous_regime": "R1",
  "features": {
    "us2y_level": 4.07,
    "us10y_level": 4.38,
    "us30y_level": 4.87,
    "us10y_5d_change_bp": -8.000000000000007,
    "us10y_20d_change_bp": -7.000000000000028,
    "us10y_60d_change_bp": 4.999999999999982,
    "us30y_5d_change_bp": -3.000000000000025,
    "us30y_20d_change_bp": -11.000000000000032,
    "us30y_60d_change_bp": -4.0000000000000036,
    "curve_10y2y": 0.3099999999999996,
    "curve_30y10y": 0.4900000000000002,
    "hy_oas_level": 2.83,
    "ig_oas_level": 0.77,
    "hy_oas_5d_change_bp": 16.999999999999993,
    "hy_oas_20d_change_bp": 8.999999999999986,
    "hy_oas_60d_change_bp": -21.999999999999975,
    "ig_oas_5d_change_bp": 3.0000000000000027,
    "ig_oas_20d_change_bp": 3.0000000000000027,
    "ig_oas_60d_change_bp": -7.9999999999999964,
    "dxy_latest": 101.23699951171875,
    "dxy_5d_return": 0.21481179554883045,
    "dxy_20d_return": 2.352639534377854,
    "dxy_60d_return": 1.5925719634110713,
    "spy_latest": 741.0,
    "spy_5d_return": -0.4554083990552349,
    "spy_20d_return": -1.7939674753606139,
    "spy_60d_return": 13.379678079647238,
    "qqq_latest": 724.0800170898438,
    "qqq_5d_return": -1.879530440782251,
    "qqq_20d_return": -1.8195936967648985,
    "qqq_60d_return": 24.056706668091632,
    "iwm_latest": 298.9700012207031,
    "iwm_5d_return": 0.26494351208226075,
    "iwm_20d_return": 3.1852708044210365,
    "iwm_60d_return": 20.08374170663778,
    "tlt_latest": 87.44999694824219,
    "tlt_5d_return": 1.5797429064972501,
    "tlt_20d_return": 2.3716909320116386,
    "tlt_60d_return": 2.1541296449074876,
    "uup_latest": 28.3700008392334,
    "uup_5d_return": 0.03526173718835235,
    "uup_20d_return": 2.566887186327005,
    "uup_60d_return": 2.3079744232316513,
    "eem_latest": 67.43000030517578,
    "eem_5d_return": -5.308241578282935,
    "eem_20d_return": -1.1946278638061636,
    "eem_60d_return": 18.435235017931404,
    "hyg_latest": 80.01000213623047,
    "hyg_5d_return": 0.08756528982536427,
    "hyg_20d_return": 0.136420268001336,
    "hyg_60d_return": 1.8532959229529355,
    "lqd_latest": 109.69999694824219,
    "lqd_5d_return": 0.8457420291131834,
    "lqd_20d_return": 0.6911532025920097,
    "lqd_60d_return": 1.7370428285372608,
    "iwm_spy_20d_relative": 4.979238279781651,
    "eem_spy_20d_relative": 0.5993396115544503,
    "qqq_spy_20d_relative": -0.02562622140428461,
    "sovereign_spread_change_bp": null
  },
  "classification": {
    "scores": {
      "R0": 1,
      "R1": 2,
      "R2": 0,
      "R3": 0
    },
    "evidence": {
      "R0": [
        "10Y yield is high but not accelerating"
      ],
      "R1": [
        "DXY strengthened over 20D",
        "credit spread pressure is not yet disorderly"
      ],
      "R2": [],
      "R3": []
    },
    "signal_probability": {
      "R0": 0.2424713343705328,
      "R1": 0.5396298786278032,
      "R2": 0.10894939350083196,
      "R3": 0.10894939350083196
    },
    "markov_prior": {
      "R0": 0.25,
      "R1": 0.43,
      "R2": 0.18,
      "R3": 0.14
    },
    "posterior_probability": {
      "R0": 0.24510636734084632,
      "R1": 0.5012594211080721,
      "R2": 0.1338171057755408,
      "R3": 0.11981710577554078
    },
    "top_regime": "R1"
  },
  "metadata": {
    "items": {
      "us2y": {
        "group": "fred",
        "source": "FRED:DGS2",
        "latest_date": "2026-06-26",
        "freshness": "Acceptable",
        "error": null
      },
      "us10y": {
        "group": "fred",
        "source": "FRED:DGS10",
        "latest_date": "2026-06-26",
        "freshness": "Acceptable",
        "error": null
      },
      "us30y": {
        "group": "fred",
        "source": "FRED:DGS30",
        "latest_date": "2026-06-26",
        "freshness": "Acceptable",
        "error": null
      },
      "hy_oas": {
        "group": "fred",
        "source": "FRED:BAMLH0A0HYM2",
        "latest_date": "2026-06-26",
        "freshness": "Acceptable",
        "error": null
      },
      "ig_oas": {
        "group": "fred",
        "source": "FRED:BAMLC0A0CM",
        "latest_date": "2026-06-26",
        "freshness": "Acceptable",
        "error": null
      },
      "dxy": {
        "group": "yahoo",
        "source": "Yahoo:DX-Y.NYB",
        "latest_date": "2026-06-29",
        "freshness": "Fresh",
        "error": null
      },
      "spy": {
        "group": "yahoo",
        "source": "Yahoo:SPY",
        "latest_date": "2026-06-29",
        "freshness": "Fresh",
        "error": null
      },
      "qqq": {
        "group": "yahoo",
        "source": "Yahoo:QQQ",
        "latest_date": "2026-06-29",
        "freshness": "Fresh",
        "error": null
      },
      "iwm": {
        "group": "yahoo",
        "source": "Yahoo:IWM",
        "latest_date": "2026-06-29",
        "freshness": "Fresh",
        "error": null
      },
      "tlt": {
        "group": "yahoo",
        "source": "Yahoo:TLT",
        "latest_date": "2026-06-29",
        "freshness": "Fresh",
        "error": null
      },
      "uup": {
        "group": "yahoo",
        "source": "Yahoo:UUP",
        "latest_date": "2026-06-29",
        "freshness": "Fresh",
        "error": null
      },
      "eem": {
        "group": "yahoo",
        "source": "Yahoo:EEM",
        "latest_date": "2026-06-29",
        "freshness": "Fresh",
        "error": null
      },
      "hyg": {
        "group": "yahoo",
        "source": "Yahoo:HYG",
        "latest_date": "2026-06-29",
        "freshness": "Fresh",
        "error": null
      },
      "lqd": {
        "group": "yahoo",
        "source": "Yahoo:LQD",
        "latest_date": "2026-06-29",
        "freshness": "Fresh",
        "error": null
      }
    },
    "missing": [],
    "stale": [],
    "latest_market_date": "2026-06-29",
    "overall_freshness": "Fresh"
  },
  "alerts": {
    "R1 continuation": "not confirmed",
    "R2 upgrade warning": "not confirmed",
    "R3 policy-repair signal": "not confirmed"
  }
}