{
  "fetch_time_utc": "2026-07-09T01:10:00.173411+00:00",
  "previous_regime": "R1",
  "features": {
    "us2y_level": 4.19,
    "us10y_level": 4.55,
    "us30y_level": 5.05,
    "us10y_5d_change_bp": 16.999999999999993,
    "us10y_20d_change_bp": 0.0,
    "us10y_60d_change_bp": 25.99999999999998,
    "us30y_5d_change_bp": 18.99999999999995,
    "us30y_20d_change_bp": 4.0000000000000036,
    "us30y_60d_change_bp": 14.999999999999947,
    "curve_10y2y": 0.35999999999999943,
    "curve_30y10y": 0.5,
    "hy_oas_level": 2.67,
    "ig_oas_level": 0.76,
    "hy_oas_5d_change_bp": -8.000000000000007,
    "hy_oas_20d_change_bp": -10.999999999999988,
    "hy_oas_60d_change_bp": -18.000000000000014,
    "ig_oas_5d_change_bp": 0.0,
    "ig_oas_20d_change_bp": 1.0000000000000009,
    "ig_oas_60d_change_bp": -4.0000000000000036,
    "dxy_latest": 100.98500061035156,
    "dxy_5d_return": -0.2025909932884873,
    "dxy_20d_return": 0.9345302649416798,
    "dxy_60d_return": 2.3669529126769673,
    "spy_latest": 745.4000244140625,
    "spy_5d_return": -0.1834560950970454,
    "spy_20d_return": 1.0958044107998388,
    "spy_60d_return": 9.987394254528702,
    "qqq_latest": 711.4400024414062,
    "qqq_5d_return": -3.3894651201996306,
    "qqq_20d_return": -0.537399613557632,
    "qqq_60d_return": 16.55322719295622,
    "iwm_latest": 293.4800109863281,
    "iwm_5d_return": -2.319853865041721,
    "iwm_20d_return": 3.543681600546278,
    "iwm_60d_return": 12.582457617475317,
    "tlt_latest": 84.36000061035156,
    "tlt_5d_return": -2.023178112279933,
    "tlt_20d_return": 0.06093841907606201,
    "tlt_60d_return": -1.740970615511317,
    "uup_latest": 28.360000610351562,
    "uup_5d_return": -0.17599168366451146,
    "uup_20d_return": 1.1773097239461627,
    "uup_60d_return": 3.35276989208535,
    "eem_latest": 66.2300033569336,
    "eem_5d_return": -3.1866688912095875,
    "eem_20d_return": 1.2536185963572866,
    "eem_60d_return": 9.93105896272426,
    "hyg_latest": 79.66000366210938,
    "hyg_5d_return": 0.0741268813745588,
    "hyg_20d_return": 0.6151371239759396,
    "hyg_60d_return": 0.6111039001897911,
    "lqd_latest": 107.66999816894531,
    "lqd_5d_return": -0.9366308497135378,
    "lqd_20d_return": -0.010719826045491043,
    "lqd_60d_return": -0.6667162188528586,
    "iwm_spy_20d_relative": 2.447877189746439,
    "eem_spy_20d_relative": 0.15781418555744775,
    "qqq_spy_20d_relative": -1.6332040243574708,
    "sovereign_spread_change_bp": null
  },
  "classification": {
    "scores": {
      "R0": 3,
      "R1": 1,
      "R2": 0,
      "R3": 0
    },
    "evidence": {
      "R0": [
        "10Y yield is high but not accelerating",
        "equity resilience with stable credit",
        "DXY is stable"
      ],
      "R1": [
        "credit spread pressure is not yet disorderly"
      ],
      "R2": [],
      "R3": []
    },
    "signal_probability": {
      "R0": 0.7228920411580229,
      "R1": 0.14594938599585397,
      "R2": 0.06557928642306159,
      "R3": 0.06557928642306159
    },
    "markov_prior": {
      "R0": 0.25,
      "R1": 0.43,
      "R2": 0.18,
      "R3": 0.14
    },
    "posterior_probability": {
      "R0": 0.5573798267527149,
      "R1": 0.24536710089730507,
      "R2": 0.10562653617499004,
      "R3": 0.09162653617499003
    },
    "top_regime": "R0"
  },
  "metadata": {
    "items": {
      "us2y": {
        "group": "fred",
        "source": "FRED:DGS2",
        "latest_date": "2026-07-07",
        "freshness": "Acceptable",
        "error": null
      },
      "us10y": {
        "group": "fred",
        "source": "FRED:DGS10",
        "latest_date": "2026-07-07",
        "freshness": "Acceptable",
        "error": null
      },
      "us30y": {
        "group": "fred",
        "source": "FRED:DGS30",
        "latest_date": "2026-07-07",
        "freshness": "Acceptable",
        "error": null
      },
      "hy_oas": {
        "group": "fred",
        "source": "FRED:BAMLH0A0HYM2",
        "latest_date": "2026-07-07",
        "freshness": "Acceptable",
        "error": null
      },
      "ig_oas": {
        "group": "fred",
        "source": "FRED:BAMLC0A0CM",
        "latest_date": "2026-07-07",
        "freshness": "Acceptable",
        "error": null
      },
      "dxy": {
        "group": "yahoo",
        "source": "Yahoo:DX-Y.NYB",
        "latest_date": "2026-07-08",
        "freshness": "Fresh",
        "error": null
      },
      "spy": {
        "group": "yahoo",
        "source": "Yahoo:SPY",
        "latest_date": "2026-07-08",
        "freshness": "Fresh",
        "error": null
      },
      "qqq": {
        "group": "yahoo",
        "source": "Yahoo:QQQ",
        "latest_date": "2026-07-08",
        "freshness": "Fresh",
        "error": null
      },
      "iwm": {
        "group": "yahoo",
        "source": "Yahoo:IWM",
        "latest_date": "2026-07-08",
        "freshness": "Fresh",
        "error": null
      },
      "tlt": {
        "group": "yahoo",
        "source": "Yahoo:TLT",
        "latest_date": "2026-07-08",
        "freshness": "Fresh",
        "error": null
      },
      "uup": {
        "group": "yahoo",
        "source": "Yahoo:UUP",
        "latest_date": "2026-07-08",
        "freshness": "Fresh",
        "error": null
      },
      "eem": {
        "group": "yahoo",
        "source": "Yahoo:EEM",
        "latest_date": "2026-07-08",
        "freshness": "Fresh",
        "error": null
      },
      "hyg": {
        "group": "yahoo",
        "source": "Yahoo:HYG",
        "latest_date": "2026-07-08",
        "freshness": "Fresh",
        "error": null
      },
      "lqd": {
        "group": "yahoo",
        "source": "Yahoo:LQD",
        "latest_date": "2026-07-08",
        "freshness": "Fresh",
        "error": null
      }
    },
    "missing": [],
    "stale": [],
    "latest_market_date": "2026-07-08",
    "overall_freshness": "Fresh"
  },
  "alerts": {
    "R1 continuation": "ON",
    "R2 upgrade warning": "not confirmed",
    "R3 policy-repair signal": "not confirmed"
  }
}