{
  "fetch_time_utc": "2026-07-15T00:13:19.618205+00:00",
  "previous_regime": "R1",
  "features": {
    "us2y_level": 4.26,
    "us10y_level": 4.62,
    "us30y_level": 5.1,
    "us10y_5d_change_bp": 13.999999999999968,
    "us10y_20d_change_bp": 16.999999999999993,
    "us10y_60d_change_bp": 33.00000000000001,
    "us30y_5d_change_bp": 10.999999999999943,
    "us30y_20d_change_bp": 14.999999999999947,
    "us30y_60d_change_bp": 20.999999999999996,
    "curve_10y2y": 0.3600000000000003,
    "curve_30y10y": 0.47999999999999954,
    "hy_oas_level": 2.69,
    "ig_oas_level": 0.78,
    "hy_oas_5d_change_bp": -3.000000000000025,
    "hy_oas_20d_change_bp": 2.9999999999999805,
    "hy_oas_60d_change_bp": -16.000000000000014,
    "ig_oas_5d_change_bp": 3.0000000000000027,
    "ig_oas_20d_change_bp": 5.000000000000004,
    "ig_oas_60d_change_bp": -2.0000000000000018,
    "dxy_latest": 100.88099670410156,
    "dxy_5d_return": -0.25608333706731434,
    "dxy_20d_return": 1.1338312823073293,
    "dxy_60d_return": 2.709219558467635,
    "spy_latest": 751.8300170898438,
    "spy_5d_return": 0.5510150989173512,
    "spy_20d_return": 1.620074372995517,
    "spy_60d_return": 7.426234625045902,
    "qqq_latest": 719.7100219726562,
    "qqq_5d_return": 1.449054790889437,
    "qqq_20d_return": -0.11631904929422232,
    "qqq_60d_return": 12.495662778487304,
    "iwm_latest": 294.510009765625,
    "iwm_5d_return": -0.5672010067637512,
    "iwm_20d_return": 0.7715881148782078,
    "iwm_60d_return": 9.357424403404258,
    "tlt_latest": 84.08000183105469,
    "tlt_5d_return": -0.5558855159536913,
    "tlt_20d_return": -1.6083312099499647,
    "tlt_60d_return": -1.4426064252014204,
    "uup_latest": 28.389999389648438,
    "uup_5d_return": -0.035212074000556814,
    "uup_20d_return": 1.574234757418691,
    "uup_60d_return": 3.7267026640091627,
    "eem_latest": 65.66999816894531,
    "eem_5d_return": -0.07608498300218924,
    "eem_20d_return": -2.752893095041431,
    "eem_60d_return": 5.702697141716118,
    "hyg_latest": 79.68000030517578,
    "hyg_5d_return": -0.10030319572715829,
    "hyg_20d_return": 0.1368036144228313,
    "hyg_60d_return": 0.6605215509239981,
    "lqd_latest": 107.20999908447266,
    "lqd_5d_return": -0.6210587560281811,
    "lqd_20d_return": -1.3055658975129947,
    "lqd_60d_return": -0.9248275501764325,
    "iwm_spy_20d_relative": -0.8484862581173092,
    "eem_spy_20d_relative": -4.372967468036948,
    "qqq_spy_20d_relative": -1.7363934222897393,
    "sovereign_spread_change_bp": null
  },
  "classification": {
    "scores": {
      "R0": 2,
      "R1": 3,
      "R2": 0,
      "R3": 0
    },
    "evidence": {
      "R0": [
        "10Y yield is high but not accelerating",
        "equity resilience with stable credit"
      ],
      "R1": [
        "DXY strengthened over 20D",
        "EEM underperformed SPY over 20D",
        "credit spread pressure is not yet disorderly"
      ],
      "R2": [],
      "R3": []
    },
    "signal_probability": {
      "R0": 0.2755326486309692,
      "R1": 0.6132091866641559,
      "R2": 0.055629082352437534,
      "R3": 0.055629082352437534
    },
    "markov_prior": {
      "R0": 0.25,
      "R1": 0.43,
      "R2": 0.18,
      "R3": 0.14
    },
    "posterior_probability": {
      "R0": 0.26659622161012997,
      "R1": 0.5490859713317013,
      "R2": 0.09915890352908441,
      "R3": 0.0851589035290844
    },
    "top_regime": "R1"
  },
  "metadata": {
    "items": {
      "us2y": {
        "group": "fred",
        "source": "FRED:DGS2",
        "latest_date": "2026-07-13",
        "freshness": "Acceptable",
        "error": null
      },
      "us10y": {
        "group": "fred",
        "source": "FRED:DGS10",
        "latest_date": "2026-07-13",
        "freshness": "Acceptable",
        "error": null
      },
      "us30y": {
        "group": "fred",
        "source": "FRED:DGS30",
        "latest_date": "2026-07-13",
        "freshness": "Acceptable",
        "error": null
      },
      "hy_oas": {
        "group": "fred",
        "source": "FRED:BAMLH0A0HYM2",
        "latest_date": "2026-07-13",
        "freshness": "Acceptable",
        "error": null
      },
      "ig_oas": {
        "group": "fred",
        "source": "FRED:BAMLC0A0CM",
        "latest_date": "2026-07-13",
        "freshness": "Acceptable",
        "error": null
      },
      "dxy": {
        "group": "yahoo",
        "source": "Yahoo:DX-Y.NYB",
        "latest_date": "2026-07-14",
        "freshness": "Fresh",
        "error": null
      },
      "spy": {
        "group": "yahoo",
        "source": "Yahoo:SPY",
        "latest_date": "2026-07-14",
        "freshness": "Fresh",
        "error": null
      },
      "qqq": {
        "group": "yahoo",
        "source": "Yahoo:QQQ",
        "latest_date": "2026-07-14",
        "freshness": "Fresh",
        "error": null
      },
      "iwm": {
        "group": "yahoo",
        "source": "Yahoo:IWM",
        "latest_date": "2026-07-14",
        "freshness": "Fresh",
        "error": null
      },
      "tlt": {
        "group": "yahoo",
        "source": "Yahoo:TLT",
        "latest_date": "2026-07-14",
        "freshness": "Fresh",
        "error": null
      },
      "uup": {
        "group": "yahoo",
        "source": "Yahoo:UUP",
        "latest_date": "2026-07-14",
        "freshness": "Fresh",
        "error": null
      },
      "eem": {
        "group": "yahoo",
        "source": "Yahoo:EEM",
        "latest_date": "2026-07-14",
        "freshness": "Fresh",
        "error": null
      },
      "hyg": {
        "group": "yahoo",
        "source": "Yahoo:HYG",
        "latest_date": "2026-07-14",
        "freshness": "Fresh",
        "error": null
      },
      "lqd": {
        "group": "yahoo",
        "source": "Yahoo:LQD",
        "latest_date": "2026-07-14",
        "freshness": "Fresh",
        "error": null
      }
    },
    "missing": [],
    "stale": [],
    "latest_market_date": "2026-07-14",
    "overall_freshness": "Fresh"
  },
  "alerts": {
    "R1 continuation": "ON",
    "R2 upgrade warning": "not confirmed",
    "R3 policy-repair signal": "not confirmed"
  }
}