{
  "fetch_time_utc": "2026-07-24T00:55:32.124962+00:00",
  "previous_regime": "R0",
  "features": {
    "us2y_level": 4.31,
    "us10y_level": 4.67,
    "us30y_level": 5.15,
    "us10y_5d_change_bp": 12.00000000000001,
    "us10y_20d_change_bp": 16.999999999999993,
    "us10y_60d_change_bp": 36.00000000000003,
    "us30y_5d_change_bp": 7.000000000000028,
    "us30y_20d_change_bp": 20.999999999999996,
    "us30y_60d_change_bp": 24.00000000000002,
    "curve_10y2y": 0.3600000000000003,
    "curve_30y10y": 0.4800000000000004,
    "hy_oas_level": 2.68,
    "ig_oas_level": 0.78,
    "hy_oas_5d_change_bp": -2.9999999999999805,
    "hy_oas_20d_change_bp": -7.999999999999963,
    "hy_oas_60d_change_bp": -14.999999999999991,
    "ig_oas_5d_change_bp": -1.0000000000000009,
    "ig_oas_20d_change_bp": 3.0000000000000027,
    "ig_oas_60d_change_bp": -3.0000000000000027,
    "dxy_latest": 101.447998046875,
    "dxy_5d_return": 0.7127912895994015,
    "dxy_20d_return": -0.15943564856160108,
    "dxy_60d_return": 3.013804415891541,
    "spy_latest": 738.1799926757812,
    "spy_5d_return": -1.6703935577468076,
    "spy_20d_return": 0.673722452021086,
    "spy_60d_return": 3.483330019176467,
    "qqq_latest": 691.9600219726562,
    "qqq_5d_return": -1.980335498824537,
    "qqq_20d_return": -2.625872234492088,
    "qqq_60d_return": 4.289243531155673,
    "iwm_latest": 292.0899963378906,
    "iwm_5d_return": -1.1840725475699587,
    "iwm_20d_return": -1.5504418974899847,
    "iwm_60d_return": 5.645016285717341,
    "tlt_latest": 83.16999816894531,
    "tlt_5d_return": -1.2350088194207132,
    "tlt_20d_return": -4.466499522781975,
    "tlt_60d_return": -2.509299897226258,
    "uup_latest": 28.559999465942383,
    "uup_5d_return": 0.7762855051869355,
    "uup_20d_return": 0.10514818988740515,
    "uup_60d_return": 4.0437110096607,
    "eem_latest": 64.5999984741211,
    "eem_5d_return": 0.6387225691245169,
    "eem_20d_return": -3.9405227150615674,
    "eem_60d_return": 2.0361003312791226,
    "hyg_latest": 79.2300033569336,
    "hyg_5d_return": -0.7142853045438158,
    "hyg_20d_return": -0.31648698391965047,
    "hyg_60d_return": -0.10686859155180084,
    "lqd_latest": 106.26000213623047,
    "lqd_5d_return": -1.1534863849018917,
    "lqd_20d_return": -2.537738194614092,
    "lqd_60d_return": -1.676955220576315,
    "iwm_spy_20d_relative": -2.224164349511071,
    "eem_spy_20d_relative": -4.614245167082654,
    "qqq_spy_20d_relative": -3.2995946865131742,
    "sovereign_spread_change_bp": null
  },
  "classification": {
    "scores": {
      "R0": 3,
      "R1": 4,
      "R2": 0,
      "R3": 0
    },
    "evidence": {
      "R0": [
        "10Y yield is high but not accelerating",
        "equity resilience with stable credit",
        "DXY is stable"
      ],
      "R1": [
        "IWM underperformed SPY over 20D",
        "EEM underperformed SPY over 20D",
        "TLT sold off over 20D",
        "credit spread pressure is not yet disorderly"
      ],
      "R2": [],
      "R3": []
    },
    "signal_probability": {
      "R0": 0.2935153505318959,
      "R1": 0.6532304257495479,
      "R2": 0.026627111859278078,
      "R3": 0.026627111859278078
    },
    "markov_prior": {
      "R0": 0.55,
      "R1": 0.25,
      "R2": 0.06,
      "R3": 0.14
    },
    "posterior_probability": {
      "R0": 0.38328497784573234,
      "R1": 0.5120997767372062,
      "R2": 0.03830762270853075,
      "R3": 0.06630762270853074
    },
    "top_regime": "R1"
  },
  "metadata": {
    "items": {
      "us2y": {
        "group": "fred",
        "source": "FRED:DGS2",
        "latest_date": "2026-07-22",
        "freshness": "Acceptable",
        "error": null
      },
      "us10y": {
        "group": "fred",
        "source": "FRED:DGS10",
        "latest_date": "2026-07-22",
        "freshness": "Acceptable",
        "error": null
      },
      "us30y": {
        "group": "fred",
        "source": "FRED:DGS30",
        "latest_date": "2026-07-22",
        "freshness": "Acceptable",
        "error": null
      },
      "hy_oas": {
        "group": "fred",
        "source": "FRED:BAMLH0A0HYM2",
        "latest_date": "2026-07-22",
        "freshness": "Acceptable",
        "error": null
      },
      "ig_oas": {
        "group": "fred",
        "source": "FRED:BAMLC0A0CM",
        "latest_date": "2026-07-22",
        "freshness": "Acceptable",
        "error": null
      },
      "dxy": {
        "group": "yahoo",
        "source": "Yahoo:DX-Y.NYB",
        "latest_date": "2026-07-23",
        "freshness": "Fresh",
        "error": null
      },
      "spy": {
        "group": "yahoo",
        "source": "Yahoo:SPY",
        "latest_date": "2026-07-23",
        "freshness": "Fresh",
        "error": null
      },
      "qqq": {
        "group": "yahoo",
        "source": "Yahoo:QQQ",
        "latest_date": "2026-07-23",
        "freshness": "Fresh",
        "error": null
      },
      "iwm": {
        "group": "yahoo",
        "source": "Yahoo:IWM",
        "latest_date": "2026-07-23",
        "freshness": "Fresh",
        "error": null
      },
      "tlt": {
        "group": "yahoo",
        "source": "Yahoo:TLT",
        "latest_date": "2026-07-23",
        "freshness": "Fresh",
        "error": null
      },
      "uup": {
        "group": "yahoo",
        "source": "Yahoo:UUP",
        "latest_date": "2026-07-23",
        "freshness": "Fresh",
        "error": null
      },
      "eem": {
        "group": "yahoo",
        "source": "Yahoo:EEM",
        "latest_date": "2026-07-23",
        "freshness": "Fresh",
        "error": null
      },
      "hyg": {
        "group": "yahoo",
        "source": "Yahoo:HYG",
        "latest_date": "2026-07-23",
        "freshness": "Fresh",
        "error": null
      },
      "lqd": {
        "group": "yahoo",
        "source": "Yahoo:LQD",
        "latest_date": "2026-07-23",
        "freshness": "Fresh",
        "error": null
      }
    },
    "missing": [],
    "stale": [],
    "latest_market_date": "2026-07-23",
    "overall_freshness": "Fresh"
  },
  "alerts": {
    "R1 continuation": "ON",
    "R2 upgrade warning": "ON",
    "R3 policy-repair signal": "not confirmed"
  }
}