{
  "fetch_time_utc": "2026-06-26T01:36:36.154479+00:00",
  "previous_regime": "R1",
  "features": {
    "us2y_level": 4.11,
    "us10y_level": 4.41,
    "us30y_level": 4.86,
    "us10y_5d_change_bp": -1.9999999999999574,
    "us10y_20d_change_bp": -8.999999999999986,
    "us10y_60d_change_bp": 6.00000000000005,
    "us30y_5d_change_bp": -6.99999999999994,
    "us30y_20d_change_bp": -16.999999999999993,
    "us30y_60d_change_bp": -4.999999999999982,
    "curve_10y2y": 0.2999999999999998,
    "curve_30y10y": 0.4500000000000002,
    "hy_oas_level": 2.76,
    "ig_oas_level": 0.75,
    "hy_oas_5d_change_bp": 12.99999999999999,
    "hy_oas_20d_change_bp": 3.999999999999959,
    "hy_oas_60d_change_bp": -41.000000000000014,
    "ig_oas_5d_change_bp": 1.0000000000000009,
    "ig_oas_20d_change_bp": 2.0000000000000018,
    "ig_oas_60d_change_bp": -10.999999999999998,
    "dxy_latest": 101.48200225830078,
    "dxy_5d_return": 1.3907542924778804,
    "dxy_20d_return": 2.290094944858967,
    "dxy_60d_return": 0.9670680543343968,
    "spy_latest": 734.2999877929688,
    "spy_5d_return": -0.64352935172034,
    "spy_20d_return": -1.9012728533778112,
    "spy_60d_return": 16.491562891245692,
    "qqq_latest": 716.3800048828125,
    "qqq_5d_return": -0.7394663113173605,
    "qqq_20d_return": -1.6838398450686465,
    "qqq_60d_return": 28.460134758059663,
    "iwm_latest": 298.9100036621094,
    "iwm_5d_return": 3.11508162936156,
    "iwm_20d_return": 3.1858761723090323,
    "iwm_60d_return": 25.0452162560723,
    "tlt_latest": 87.3499984741211,
    "tlt_5d_return": 1.1815088861720557,
    "tlt_20d_return": 2.806062296359091,
    "tlt_60d_return": 1.8311507216146827,
    "uup_latest": 28.479999542236328,
    "uup_5d_return": 1.0645820930152539,
    "uup_20d_return": 2.630628981031813,
    "uup_60d_return": 1.7869907368841753,
    "eem_latest": 67.95999908447266,
    "eem_5d_return": -0.8751436631955989,
    "eem_20d_return": -0.11223793859870268,
    "eem_60d_return": 24.77303463959317,
    "hyg_latest": 79.87999725341797,
    "hyg_5d_return": 0.18812729232291492,
    "hyg_20d_return": 0.19829058585776327,
    "hyg_60d_return": 2.9070517167833376,
    "lqd_latest": 109.5,
    "lqd_5d_return": 0.671144046578509,
    "lqd_20d_return": 0.904332288086529,
    "lqd_60d_return": 2.29835123162081,
    "iwm_spy_20d_relative": 5.087149025686843,
    "eem_spy_20d_relative": 1.7890349147791085,
    "qqq_spy_20d_relative": 0.21743300830916468,
    "sovereign_spread_change_bp": null
  },
  "classification": {
    "scores": {
      "R0": 1,
      "R1": 2,
      "R2": 0,
      "R3": 0
    },
    "evidence": {
      "R0": [
        "10Y yield is high but not accelerating"
      ],
      "R1": [
        "DXY strengthened over 20D",
        "credit spread pressure is not yet disorderly"
      ],
      "R2": [],
      "R3": []
    },
    "signal_probability": {
      "R0": 0.2424713343705328,
      "R1": 0.5396298786278032,
      "R2": 0.10894939350083196,
      "R3": 0.10894939350083196
    },
    "markov_prior": {
      "R0": 0.25,
      "R1": 0.43,
      "R2": 0.18,
      "R3": 0.14
    },
    "posterior_probability": {
      "R0": 0.24510636734084632,
      "R1": 0.5012594211080721,
      "R2": 0.1338171057755408,
      "R3": 0.11981710577554078
    },
    "top_regime": "R1"
  },
  "metadata": {
    "items": {
      "us2y": {
        "group": "fred",
        "source": "FRED:DGS2",
        "latest_date": "2026-06-24",
        "freshness": "Acceptable",
        "error": null
      },
      "us10y": {
        "group": "fred",
        "source": "FRED:DGS10",
        "latest_date": "2026-06-24",
        "freshness": "Acceptable",
        "error": null
      },
      "us30y": {
        "group": "fred",
        "source": "FRED:DGS30",
        "latest_date": "2026-06-24",
        "freshness": "Acceptable",
        "error": null
      },
      "hy_oas": {
        "group": "fred",
        "source": "FRED:BAMLH0A0HYM2",
        "latest_date": "2026-06-24",
        "freshness": "Acceptable",
        "error": null
      },
      "ig_oas": {
        "group": "fred",
        "source": "FRED:BAMLC0A0CM",
        "latest_date": "2026-06-24",
        "freshness": "Acceptable",
        "error": null
      },
      "dxy": {
        "group": "yahoo",
        "source": "Yahoo:DX-Y.NYB",
        "latest_date": "2026-06-25",
        "freshness": "Fresh",
        "error": null
      },
      "spy": {
        "group": "yahoo",
        "source": "Yahoo:SPY",
        "latest_date": "2026-06-25",
        "freshness": "Fresh",
        "error": null
      },
      "qqq": {
        "group": "yahoo",
        "source": "Yahoo:QQQ",
        "latest_date": "2026-06-25",
        "freshness": "Fresh",
        "error": null
      },
      "iwm": {
        "group": "yahoo",
        "source": "Yahoo:IWM",
        "latest_date": "2026-06-25",
        "freshness": "Fresh",
        "error": null
      },
      "tlt": {
        "group": "yahoo",
        "source": "Yahoo:TLT",
        "latest_date": "2026-06-25",
        "freshness": "Fresh",
        "error": null
      },
      "uup": {
        "group": "yahoo",
        "source": "Yahoo:UUP",
        "latest_date": "2026-06-25",
        "freshness": "Fresh",
        "error": null
      },
      "eem": {
        "group": "yahoo",
        "source": "Yahoo:EEM",
        "latest_date": "2026-06-25",
        "freshness": "Fresh",
        "error": null
      },
      "hyg": {
        "group": "yahoo",
        "source": "Yahoo:HYG",
        "latest_date": "2026-06-25",
        "freshness": "Fresh",
        "error": null
      },
      "lqd": {
        "group": "yahoo",
        "source": "Yahoo:LQD",
        "latest_date": "2026-06-25",
        "freshness": "Fresh",
        "error": null
      }
    },
    "missing": [],
    "stale": [],
    "latest_market_date": "2026-06-25",
    "overall_freshness": "Fresh"
  },
  "alerts": {
    "R1 continuation": "not confirmed",
    "R2 upgrade warning": "not confirmed",
    "R3 policy-repair signal": "not confirmed"
  }
}