{
  "fetch_time_utc": "2026-07-17T01:00:50.906370+00:00",
  "previous_regime": "R0",
  "features": {
    "us2y_level": 4.13,
    "us10y_level": 4.55,
    "us30y_level": 5.08,
    "us10y_5d_change_bp": -0.9999999999999787,
    "us10y_20d_change_bp": 8.000000000000007,
    "us10y_60d_change_bp": 29.000000000000004,
    "us30y_5d_change_bp": 2.000000000000046,
    "us30y_20d_change_bp": 11.000000000000032,
    "us30y_60d_change_bp": 20.000000000000018,
    "curve_10y2y": 0.41999999999999993,
    "curve_30y10y": 0.5300000000000002,
    "hy_oas_level": 2.71,
    "ig_oas_level": 0.79,
    "hy_oas_5d_change_bp": 0.9999999999999787,
    "hy_oas_20d_change_bp": 8.000000000000007,
    "hy_oas_60d_change_bp": -14.999999999999991,
    "ig_oas_5d_change_bp": 3.0000000000000027,
    "ig_oas_20d_change_bp": 5.000000000000004,
    "ig_oas_60d_change_bp": -1.0000000000000009,
    "dxy_latest": 100.72599792480469,
    "dxy_5d_return": -0.21201160236328231,
    "dxy_20d_return": 1.1914777962316991,
    "dxy_60d_return": 2.7292144719611056,
    "spy_latest": 750.719970703125,
    "spy_5d_return": -0.1317065411650553,
    "spy_20d_return": 0.30972568668039546,
    "spy_60d_return": 6.199072167351782,
    "qqq_latest": 705.9400024414062,
    "qqq_5d_return": -2.397415406633796,
    "qqq_20d_return": -3.1710439745032626,
    "qqq_60d_return": 9.2651142982761,
    "iwm_latest": 295.5899963378906,
    "iwm_5d_return": -0.5551049490962967,
    "iwm_20d_return": 1.2017289533654996,
    "iwm_60d_return": 6.829969280805548,
    "tlt_latest": 84.20999908447266,
    "tlt_5d_return": -0.33139872928904524,
    "tlt_20d_return": -1.9364088359797638,
    "tlt_60d_return": -2.163365313328669,
    "uup_latest": 28.34000015258789,
    "uup_5d_return": -0.0705234743766936,
    "uup_20d_return": 1.4679550409318454,
    "uup_60d_return": 3.7335302677800275,
    "eem_latest": 64.19000244140625,
    "eem_5d_return": -3.878401295648981,
    "eem_20d_return": -6.48309584471426,
    "eem_60d_return": 2.126692633566707,
    "hyg_latest": 79.80000305175781,
    "hyg_5d_return": 0.06269975142045858,
    "hyg_20d_return": 0.1748442960592067,
    "hyg_60d_return": 0.5243833147652976,
    "lqd_latest": 107.5,
    "lqd_5d_return": -0.19496712121217508,
    "lqd_20d_return": -1.138362888997957,
    "lqd_60d_return": -1.1985623338451434,
    "iwm_spy_20d_relative": 0.8920032666851041,
    "eem_spy_20d_relative": -6.792821531394655,
    "qqq_spy_20d_relative": -3.480769661183658,
    "sovereign_spread_change_bp": null
  },
  "classification": {
    "scores": {
      "R0": 2,
      "R1": 3,
      "R2": 0,
      "R3": 0
    },
    "evidence": {
      "R0": [
        "10Y yield is high but not accelerating",
        "equity resilience with stable credit"
      ],
      "R1": [
        "DXY strengthened over 20D",
        "EEM underperformed SPY over 20D",
        "credit spread pressure is not yet disorderly"
      ],
      "R2": [],
      "R3": []
    },
    "signal_probability": {
      "R0": 0.2755326486309692,
      "R1": 0.6132091866641559,
      "R2": 0.055629082352437534,
      "R3": 0.055629082352437534
    },
    "markov_prior": {
      "R0": 0.55,
      "R1": 0.25,
      "R2": 0.06,
      "R3": 0.14
    },
    "posterior_probability": {
      "R0": 0.37159622161013,
      "R1": 0.4860859713317014,
      "R2": 0.0571589035290844,
      "R3": 0.0851589035290844
    },
    "top_regime": "R1"
  },
  "metadata": {
    "items": {
      "us2y": {
        "group": "fred",
        "source": "FRED:DGS2",
        "latest_date": "2026-07-15",
        "freshness": "Acceptable",
        "error": null
      },
      "us10y": {
        "group": "fred",
        "source": "FRED:DGS10",
        "latest_date": "2026-07-15",
        "freshness": "Acceptable",
        "error": null
      },
      "us30y": {
        "group": "fred",
        "source": "FRED:DGS30",
        "latest_date": "2026-07-15",
        "freshness": "Acceptable",
        "error": null
      },
      "hy_oas": {
        "group": "fred",
        "source": "FRED:BAMLH0A0HYM2",
        "latest_date": "2026-07-15",
        "freshness": "Acceptable",
        "error": null
      },
      "ig_oas": {
        "group": "fred",
        "source": "FRED:BAMLC0A0CM",
        "latest_date": "2026-07-15",
        "freshness": "Acceptable",
        "error": null
      },
      "dxy": {
        "group": "yahoo",
        "source": "Yahoo:DX-Y.NYB",
        "latest_date": "2026-07-16",
        "freshness": "Fresh",
        "error": null
      },
      "spy": {
        "group": "yahoo",
        "source": "Yahoo:SPY",
        "latest_date": "2026-07-16",
        "freshness": "Fresh",
        "error": null
      },
      "qqq": {
        "group": "yahoo",
        "source": "Yahoo:QQQ",
        "latest_date": "2026-07-16",
        "freshness": "Fresh",
        "error": null
      },
      "iwm": {
        "group": "yahoo",
        "source": "Yahoo:IWM",
        "latest_date": "2026-07-16",
        "freshness": "Fresh",
        "error": null
      },
      "tlt": {
        "group": "yahoo",
        "source": "Yahoo:TLT",
        "latest_date": "2026-07-16",
        "freshness": "Fresh",
        "error": null
      },
      "uup": {
        "group": "yahoo",
        "source": "Yahoo:UUP",
        "latest_date": "2026-07-16",
        "freshness": "Fresh",
        "error": null
      },
      "eem": {
        "group": "yahoo",
        "source": "Yahoo:EEM",
        "latest_date": "2026-07-16",
        "freshness": "Fresh",
        "error": null
      },
      "hyg": {
        "group": "yahoo",
        "source": "Yahoo:HYG",
        "latest_date": "2026-07-16",
        "freshness": "Fresh",
        "error": null
      },
      "lqd": {
        "group": "yahoo",
        "source": "Yahoo:LQD",
        "latest_date": "2026-07-16",
        "freshness": "Fresh",
        "error": null
      }
    },
    "missing": [],
    "stale": [],
    "latest_market_date": "2026-07-16",
    "overall_freshness": "Fresh"
  },
  "alerts": {
    "R1 continuation": "ON",
    "R2 upgrade warning": "not confirmed",
    "R3 policy-repair signal": "not confirmed"
  }
}